{
    "num_epochs": 20000,
    "batch_size": 256,
    "final_loss": 11.528092384338379,
    "learning_rate": 0.001,
    "train_data_exp_dir_paths": [
        "/app/data/cmc_configs/cmc_train_data"
    ],
    "encoder": {
        "num_inputs": 2,
        "num_outputs": 1,
        "num_hidden_layers": 1,
        "neurons_per_hidden_layer": 64,
        "hidden_layer_activation_function": "relu",
        "final_layer_activation_function": null,
        "bias": true,
        "weights": [
            -0.5221413373947144,
            -0.45447418093681335,
            -0.2845764458179474,
            -0.3459411561489105,
            0.6435678601264954,
            -0.18677552044391632,
            0.14843273162841797,
            0.15947923064231873,
            -0.0009334904607385397,
            0.29608064889907837,
            -0.4245792627334595,
            0.4541015326976776,
            -0.3806622326374054,
            -0.3577103316783905,
            0.7245928645133972,
            0.03196706995368004,
            -0.6149968504905701,
            -0.3852987289428711,
            -0.5348060727119446,
            0.48670947551727295,
            0.37008607387542725,
            -0.6770967841148376,
            -0.3505181074142456,
            0.3456754982471466,
            -0.2884747087955475,
            -0.09518145769834518,
            0.22525078058242798,
            0.6456474661827087,
            0.2691839635372162,
            0.08469019085168839,
            0.557487964630127,
            -0.6095419526100159,
            -0.381066232919693,
            0.127801775932312,
            0.2503792643547058,
            -0.16828502714633942,
            -0.5601404905319214,
            0.04975622147321701,
            0.05058667063713074,
            -0.02706468291580677,
            0.38401272892951965,
            -0.25927165150642395,
            0.18096010386943817,
            -0.6663023829460144,
            0.2956904470920563,
            0.05027999356389046,
            0.7070979475975037,
            -0.16478624939918518,
            -0.1725524514913559,
            -0.011564280837774277,
            0.09179912507534027,
            0.40828171372413635,
            -0.20514468848705292,
            0.40978583693504333,
            -0.30190491676330566,
            0.07620776444673538,
            0.20870259404182434,
            -0.04531249776482582,
            0.22402328252792358,
            0.3574103116989136,
            -0.23382918536663055,
            0.16878639161586761,
            0.5327216386795044,
            -0.08418875187635422,
            0.3006361722946167,
            0.4769456088542938,
            0.26576724648475647,
            -0.13566496968269348,
            -0.26132816076278687,
            -0.22588813304901123,
            -0.26974013447761536,
            0.14456021785736084,
            0.448453426361084,
            0.10564135760068893,
            0.5219797492027283,
            0.032913170754909515,
            -0.2992905378341675,
            0.13669559359550476,
            -0.6018574237823486,
            -0.3268181085586548,
            -0.2211802452802658,
            -0.6732876896858215,
            -0.5551929473876953,
            -0.35716965794563293,
            0.5167376399040222,
            0.35366761684417725,
            0.28446874022483826,
            0.13905759155750275,
            -0.13208509981632233,
            -0.34802505373954773,
            -0.5615007281303406,
            -0.700127363204956,
            0.08707614988088608,
            -0.2118566930294037,
            0.5052207112312317,
            0.1539551317691803,
            -0.035112082958221436,
            0.6671596169471741,
            -0.02690320461988449,
            0.022379521280527115,
            -0.39151158928871155,
            -0.5795198082923889,
            -0.12780340015888214,
            -0.6833970546722412,
            -0.20631727576255798,
            0.2220018059015274,
            0.3802867829799652,
            -0.3051149249076843,
            -0.4093519449234009,
            0.20430807769298553,
            -0.36526551842689514,
            0.008494755253195763,
            -0.09281502664089203,
            -0.23739810287952423,
            0.520358145236969,
            -0.2741069197654724,
            -0.5296193361282349,
            -0.27355730533599854,
            -0.024598367512226105,
            0.03152840584516525,
            0.12270138412714005,
            0.06165114790201187,
            0.6237890124320984,
            -0.44128239154815674,
            -0.07250681519508362,
            0.653306782245636,
            0.09008568525314331,
            0.06440800428390503,
            0.5252170562744141,
            0.17564387619495392,
            0.014868396334350109,
            -1.2021596431732178,
            0.7741963863372803,
            -0.2645791172981262,
            0.17318713665008545,
            0.010255534201860428,
            0.16081391274929047,
            1.0332794189453125,
            0.525138258934021,
            0.6452931761741638,
            -0.018831629306077957,
            -1.3417104482650757,
            1.5602370500564575,
            0.5479951500892639,
            -1.2534632682800293,
            -0.586774468421936,
            -1.4832316637039185,
            -0.41721677780151367,
            0.24122191965579987,
            0.6953396201133728,
            -0.024977514520287514,
            0.09131434559822083,
            0.5864798426628113,
            -1.5561416149139404,
            -1.252516746520996,
            0.15952956676483154,
            0.3634498119354248,
            -1.512524962425232,
            1.4828077554702759,
            0.23722833395004272,
            1.351354718208313,
            -0.0028689359314739704,
            -0.3434657156467438,
            -1.3267931938171387,
            0.14939461648464203,
            0.2899460792541504,
            1.385516881942749,
            -0.32288581132888794,
            -0.47233515977859497,
            0.2327616959810257,
            -1.4888721704483032,
            1.2122383117675781,
            -0.4573941230773926,
            0.2509620487689972,
            -0.5356027483940125,
            0.37327060103416443,
            -0.16813679039478302,
            -1.3504029512405396,
            -0.22366371750831604,
            -0.06976314634084702,
            -1.525517225265503,
            0.20407739281654358,
            1.3125418424606323,
            1.1519016027450562,
            -0.24860461056232452,
            0.5124519467353821,
            0.09075725078582764,
            -1.8045411109924316,
            0.09717269986867905,
            0.6153625249862671,
            0.9403781890869141,
            -1.9038766622543335,
            -0.12028896808624268,
            -0.12293319404125214,
            0.057094573974609375,
            0.10740440338850021,
            -0.11978935450315475,
            0.11299539357423782,
            -0.04323036968708038,
            -0.09476447850465775,
            0.03763706982135773,
            -0.0791986957192421,
            -0.043536022305488586,
            -0.05021634325385094,
            0.019290005788207054,
            0.05712983012199402,
            -0.17342492938041687,
            0.03761456906795502,
            0.06312533468008041,
            0.06739151477813721,
            0.17798316478729248,
            -0.023544713854789734,
            -0.0008630901575088501,
            -0.0015333890914916992,
            0.025404751300811768,
            -0.025007665157318115,
            0.20314615964889526,
            0.11436835676431656,
            0.02638205513358116,
            -0.03526925668120384,
            0.014256417751312256,
            0.051076702773571014,
            -0.13011403381824493,
            -0.013805001974105835,
            -0.08177067339420319,
            0.05503213405609131,
