{
    "num_epochs": 20000,
    "batch_size": 1000,
    "final_loss": 0.38437411189079285,
    "train_data_exp_dir_paths": [
        "/app/data/cmc_configs/cmc_train_data"
    ],
    "encoder": {
        "num_inputs": 2,
        "num_outputs": 2,
        "num_hidden_layers": 0,
        "neurons_per_hidden_layer": 0,
        "hidden_layer_activation_function": "relu",
        "final_layer_activation_function": null,
        "bias": true,
        "weights": [
            -0.06131914630532265,
            0.059236522763967514,
            0.06150636821985245,
            0.05310582369565964,
            -4.662277698516846,
            -3.820345163345337
        ]
    },
    "decoder": {
        "num_inputs": 2,
        "num_outputs": 2,
        "num_hidden_layers": 0,
        "neurons_per_hidden_layer": 0,
        "hidden_layer_activation_function": "relu",
        "final_layer_activation_function": null,
        "bias": true,
        "weights": [
            -34.39413833618164,
            37.1121940612793,
            39.557647705078125,
            38.288970947265625,
            -4.437885284423828,
            36.70652389526367
        ]
    }
}