{
    "num_epochs": 20000,
    "batch_size": 256,
    "final_loss": 75.1600513458252,
    "learning_rate": 0.001,
    "train_data_exp_dir_paths": [
        "/app/data/cmc_configs/cmc_train_data"
    ],
    "encoder": {
        "num_inputs": 2,
        "num_outputs": 1,
        "num_hidden_layers": 1,
        "neurons_per_hidden_layer": 64,
        "hidden_layer_activation_function": "relu",
        "final_layer_activation_function": null,
        "bias": true,
        "weights": [
            0.5049110054969788,
            -0.08004900068044662,
            0.3517405688762665,
            -0.40349748730659485,
            -0.5194153785705566,
            -0.26458483934402466,
            -0.3597891926765442,
            -0.20456191897392273,
            0.6762952208518982,
            -0.32605576515197754,
            -0.22788791358470917,
            0.16215912997722626,
            0.41136738657951355,
            0.11264662444591522,
            -0.2942461669445038,
            0.3511914312839508,
            -0.19605456292629242,
            0.46341124176979065,
            -0.006354648619890213,
            0.0969439446926117,
            -0.5306753516197205,
            0.5941988229751587,
            -0.8141013383865356,
            0.19764205813407898,
            -0.5704904794692993,
            -0.1534583568572998,
            0.26370131969451904,
            0.7284554839134216,
            0.12325484305620193,
            0.2913800776004791,
            -0.23306769132614136,
            -0.5337347984313965,
            0.06481898576021194,
            -0.3637012541294098,
            0.8641412854194641,
            0.6027123332023621,
            -0.4794273376464844,
            -0.11546977609395981,
            -0.5497006177902222,
            -0.46132102608680725,
            0.18385626375675201,
            -0.5131051540374756,
            -0.4485481381416321,
            0.5781269669532776,
            0.10239861905574799,
            0.6072568893432617,
            -0.3058012127876282,
            -0.0751495510339737,
            0.5969099402427673,
            -0.08224089443683624,
            0.6036725640296936,
            0.2937379479408264,
            -0.16529123485088348,
            0.11159311234951019,
            -0.1225876435637474,
            -0.3556339144706726,
            -0.1644483208656311,
            -0.04253990948200226,
            0.18420280516147614,
            -0.3235940635204315,
            -0.08827956020832062,
            0.22822000086307526,
            -0.12950605154037476,
            -0.15034909546375275,
            -0.28204190731048584,
            -0.6336973309516907,
            -0.08974834531545639,
            0.007581980898976326,
            0.13873857259750366,
            0.14378337562084198,
            -0.1495153307914734,
            0.5393801331520081,
            -0.5220810770988464,
            0.4743812382221222,
            0.4743053615093231,
            -0.5707037448883057,
            0.13183248043060303,
            0.11230075359344482,
            0.4269953668117523,
            -0.12194625288248062,
            0.6952285170555115,
            -0.17511020600795746,
            -0.5893515348434448,
            0.5285879969596863,
            0.7075467705726624,
            0.031033622100949287,
            -0.03409106656908989,
            -0.010382370091974735,
            -1.079768180847168,
            0.022176189348101616,
            0.5101640820503235,
            -0.18931572139263153,
            -0.3952673375606537,
            0.4517814815044403,
            -0.20007504522800446,
            0.6352229118347168,
            0.7036066651344299,
            -0.585823655128479,
            0.5105412602424622,
            -0.04971994459629059,
            0.35537564754486084,
            -0.08675111085176468,
            -0.4347660541534424,
            0.06092095375061035,
            0.572300374507904,
            0.6383801698684692,
            -0.3578309714794159,
            0.6105169057846069,
            -0.3888794481754303,
            -0.14204010367393494,
            -0.5251895189285278,
            0.08281390368938446,
            0.0865563303232193,
            0.3531514108181,
            -0.7225737571716309,
            0.4041639268398285,
            -0.17349843680858612,
            0.0554129034280777,
            0.5656465291976929,
            -0.21324636042118073,
            -0.540256142616272,
            -0.6771076321601868,
            0.6465722918510437,
            0.4396568536758423,
            -0.6832975149154663,
            -0.19880802929401398,
            -0.5325908660888672,
            0.15251749753952026,
            -0.6784208416938782,
            -0.6184120774269104,
            0.23857593536376953,
            -0.03157743066549301,
            -0.41787999868392944,
            0.22832077741622925,
            -0.09013883024454117,
            0.4441043734550476,
            0.34823721647262573,
            0.2405259907245636,
            0.07795150578022003,
            -0.02238990180194378,
            -0.278359591960907,
            0.48132339119911194,
            0.3820991516113281,
            -0.23607191443443298,
            -0.5759535431861877,
            -0.4820190668106079,
            -0.12941472232341766,
            0.2953210175037384,
            -0.11485471576452255,
            0.1983969360589981,
            -0.3884205222129822,
            -0.23693016171455383,
            0.04477234184741974,
            0.5471904873847961,
            -0.2545328736305237,
            0.05373891815543175,
            -0.04085782915353775,
            -0.6581717729568481,
            0.5958181619644165,
            -0.1539958119392395,
            -0.4732688069343567,
            0.2365158498287201,
            0.3868314027786255,
            -0.43971797823905945,
            0.18478232622146606,
            0.6689743399620056,
            0.47720611095428467,
            -0.04750514402985573,
            0.4315344989299774,
            0.09824149310588837,
            0.1330394446849823,
            -0.46215832233428955,
            0.2617458403110504,
            0.5321123003959656,
            -0.035383205860853195,
            -0.6382356286048889,
            0.16510631144046783,
            0.11715175211429596,
            -0.4940798282623291,
            -0.7110649347305298,
            -0.1879955381155014,
            -0.13844861090183258,
            -0.5744354724884033,
            -0.015897387638688087,
            -0.3924473226070404,
            -0.8004735112190247,
            -0.2657302916049957,
            -0.43391603231430054,
            0.1019478291273117,
            0.27674874663352966,
            -0.10960566252470016,
            0.6627233624458313,
            0.033944010734558105,
            0.010633796453475952,
            0.024390876293182373,
            0.03151395916938782,
            -0.033892303705215454,
            0.1123318001627922,
            -0.008326910436153412,
            0.009007847867906094,
            -0.031574346125125885,
            0.08923061937093735,
            0.06930836290121078,
            0.17009703814983368,
            -0.09063591808080673,
            0.16384071111679077,
            0.07176350802183151,
            0.10275694727897644,
            0.05873773992061615,
            -0.0761711448431015,
            0.0959935188293457,
            -0.01528950035572052,
            -0.05822882056236267,
            0.05983632802963257,
            -0.045686982572078705,
            0.0036166368518024683,
            0.06426821649074554,
            -0.005528194829821587,
            0.0011457627406343818,
            -0.040257662534713745,
            -0.1239585280418396,
            0.021613329648971558,
            -0.03258616849780083,
            0.020175546407699585,
            -0.0855877548456192,
            -0.005365162622183561,
            -0.017669307067990303,
