{
    "num_epochs": 20000,
    "batch_size": 256,
    "final_loss": 74.86015892028809,
    "learning_rate": 0.001,
    "train_data_exp_dir_paths": [
        "/app/data/cmc_configs/cmc_train_data"
    ],
    "encoder": {
        "num_inputs": 2,
        "num_outputs": 1,
        "num_hidden_layers": 1,
        "neurons_per_hidden_layer": 64,
        "hidden_layer_activation_function": "relu",
        "final_layer_activation_function": null,
        "bias": true,
        "weights": [
            0.307151734828949,
            -0.02694625034928322,
            -0.2675522565841675,
            0.4234239161014557,
            -0.8436276316642761,
            0.17700494825839996,
            0.26593780517578125,
            0.38348323106765747,
            -0.08410368114709854,
            -0.03806913644075394,
            -0.14206816256046295,
            0.6426481008529663,
            -0.8523968458175659,
            0.13801360130310059,
            -0.29523515701293945,
            -0.0694950670003891,
            -0.6392818689346313,
            -0.38552960753440857,
            0.00491297198459506,
            0.382642537355423,
            -0.6647435426712036,
            0.5273609757423401,
            -0.5687202215194702,
            0.5133065581321716,
            0.22635385394096375,
            -0.454807311296463,
            -0.3373369574546814,
            -0.17761465907096863,
            -0.2680175304412842,
            0.4302835464477539,
            -0.6043928265571594,
            0.299347460269928,
            0.6510122418403625,
            0.064850814640522,
            -0.02675064094364643,
            0.3740476071834564,
            0.5955075621604919,
            -0.25169995427131653,
            0.19259095191955566,
            -0.033389490097761154,
            0.5000765919685364,
            -0.11611329764127731,
            -0.2947675585746765,
            -0.16403840482234955,
            0.02211681567132473,
            0.3090837001800537,
            -0.6965101957321167,
            0.1361243575811386,
            -0.3481786549091339,
            -0.33036866784095764,
            0.5482481122016907,
            -0.6908086538314819,
            0.15246203541755676,
            0.22990630567073822,
            0.13313116133213043,
            0.1405424326658249,
            -0.41571375727653503,
            -0.46287742257118225,
            0.20297756791114807,
            0.48909810185432434,
            0.3704761862754822,
            -0.06817732751369476,
            0.03038138709962368,
            -0.40148529410362244,
            0.5133649110794067,
            0.5818727016448975,
            -0.4294987916946411,
            -0.3684741258621216,
            0.018970564007759094,
            0.09029868245124817,
            -0.30812549591064453,
            0.4603859782218933,
            0.24050003290176392,
            -0.2758452892303467,
            0.33346882462501526,
            -0.2788615822792053,
            0.21178537607192993,
            -0.042950589209795,
            -0.21402287483215332,
            -0.4317905008792877,
            0.6994074583053589,
            0.4459875524044037,
            0.5933160781860352,
            0.4309314787387848,
            -0.3443220555782318,
            -0.3873485028743744,
            0.4387594759464264,
            -0.5313137173652649,
            -0.21733498573303223,
            0.13108542561531067,
            -0.17085978388786316,
            -0.09303571283817291,
            -0.5062768459320068,
            0.2396852821111679,
            -0.418138712644577,
            0.49447521567344666,
            0.15932396054267883,
            0.31189092993736267,
            -0.6424225568771362,
            0.5091657638549805,
            -0.0525393933057785,
            0.25348010659217834,
            0.6262925267219543,
            -0.14074821770191193,
            -0.5270132422447205,
            0.2757980525493622,
            0.6236199140548706,
            0.34797126054763794,
            -0.1381789594888687,
            0.3006017208099365,
            -0.42756780982017517,
            -0.7042591571807861,
            -0.23850098252296448,
            0.7237268686294556,
            -0.4702779948711395,
            -0.6865335702896118,
            -0.3809311091899872,
            0.3175513446331024,
            -0.1492287516593933,
            -0.38763120770454407,
            -0.28078150749206543,
            0.4266569912433624,
            -0.018213430419564247,
            0.48134323954582214,
            0.421933114528656,
            -0.6851709485054016,
            -0.36415955424308777,
            -0.09444156289100647,
            -0.08177769929170609,
            -0.526220977306366,
            -0.2191120982170105,
            -0.24988844990730286,
            -0.06607180088758469,
            -0.44656580686569214,
            0.1013890728354454,
            -0.8452054858207703,
            0.640902578830719,
            0.05131671205163002,
            -0.12463292479515076,
            -0.09830522537231445,
            -0.43046876788139343,
            -0.3039678633213043,
            -0.5947675108909607,
            -0.5649915337562561,
            0.00048638542648404837,
            -0.17084692418575287,
            -0.5835204124450684,
            -0.6922301054000854,
            0.2723936438560486,
            0.4619711637496948,
            0.5902597904205322,
            -0.7348403930664062,
            -0.5496850609779358,
            0.6253194808959961,
            0.37523308396339417,
            -0.24943417310714722,
            0.25014591217041016,
            -0.6441571712493896,
            -0.6675964593887329,
            0.09638360142707825,
            0.4555393159389496,
            -0.2747972905635834,
            -0.3164825439453125,
            -0.6884148120880127,
            0.47501274943351746,
            -0.4774234890937805,
            0.01057515013962984,
            0.24200627207756042,
            -0.18338510394096375,
            0.668423056602478,
            -0.536386251449585,
            0.27871599793434143,
            -0.30123478174209595,
            0.5018589496612549,
            0.6965010762214661,
            -0.6274304389953613,
            0.5956505537033081,
            -0.6679023504257202,
            -0.5195719003677368,
            0.3997134566307068,
            -0.44103214144706726,
            -0.28078263998031616,
            0.11485983431339264,
            -0.2552872598171234,
            0.38208359479904175,
            0.6240946650505066,
            -0.19022555649280548,
            0.5895524621009827,
            0.7000150680541992,
            0.25505173206329346,
            0.26863399147987366,
            -0.00784580409526825,
            0.01335376501083374,
            0.008387397043406963,
            0.04519020766019821,
            0.13573288917541504,
            -0.010852312669157982,
            0.06421571969985962,
            0.1206928938627243,
            -0.0045478446409106255,
            0.059458762407302856,
            -0.002389141358435154,
            0.10543394833803177,
            0.004632617812603712,
            -0.0030780136585235596,
            -0.034308478236198425,
            -0.022992011159658432,
            0.1605832278728485,
            -0.09344112128019333,
            0.1320316046476364,
            -0.07485660910606384,
            -0.1078723818063736,
            0.11879485845565796,
            -0.02926643192768097,
            -0.05261484533548355,
            0.15463562309741974,
            0.08941644430160522,
            -0.0998554527759552,
            0.11193449050188065,
            0.018748175352811813,
            -0.05104200541973114,
            0.05486685782670975,
            0.12056979537010193,
            -0.12420253455638885,
            -0.019348032772541046,
            -0.024047642946243286,
            0.06063731387257576,
