{
    "num_epochs": 20000,
    "batch_size": 256,
    "final_loss": 11.781891345977783,
    "learning_rate": 0.001,
    "train_data_exp_dir_paths": [
        "/app/data/cmc_configs/cmc_train_data"
    ],
    "encoder": {
        "num_inputs": 2,
        "num_outputs": 1,
        "num_hidden_layers": 1,
        "neurons_per_hidden_layer": 64,
        "hidden_layer_activation_function": "relu",
        "final_layer_activation_function": null,
        "bias": true,
        "weights": [
            -0.41261568665504456,
            -0.5189672112464905,
            0.151204451918602,
            0.5949166417121887,
            -0.21899931132793427,
            0.27319517731666565,
            0.5050942301750183,
            -0.25498852133750916,
            0.4675968587398529,
            -0.6776430606842041,
            0.7375452518463135,
            0.05740576609969139,
            -0.6948373317718506,
            0.343587726354599,
            0.6065835952758789,
            -0.49151062965393066,
            -0.18174731731414795,
            0.5858630537986755,
            -0.5529723763465881,
            -0.29914265871047974,
            0.03783838078379631,
            0.06419681012630463,
            0.28258296847343445,
            -0.05554094910621643,
            -0.6970443725585938,
            0.26938891410827637,
            -0.046845994889736176,
            0.06543637067079544,
            -0.1668591946363449,
            -0.17113812267780304,
            -0.5263209939002991,
            0.6849318742752075,
            0.6314969062805176,
            0.5229674577713013,
            -0.46574145555496216,
            -0.1632058322429657,
            -0.33775341510772705,
            0.20463092625141144,
            0.13580748438835144,
            0.3739274740219116,
            -0.16011789441108704,
            0.65016770362854,
            0.5156599283218384,
            0.20036537945270538,
            -0.6062869429588318,
            -0.23063741624355316,
            0.05984422564506531,
            -0.37962180376052856,
            0.2416505515575409,
            -0.2299279123544693,
            0.16701346635818481,
            0.29388827085494995,
            0.6600813269615173,
            0.5386624336242676,
            -0.346828430891037,
            -0.4960256516933441,
            0.6481533050537109,
            -0.6338984370231628,
            -0.05649886652827263,
            0.4090588092803955,
            0.5168319344520569,
            0.10264838486909866,
            0.16696439683437347,
            -0.2649790942668915,
            0.3666083812713623,
            -0.33405980467796326,
            0.25323930382728577,
            0.4241575002670288,
            -0.5653576254844666,
            -0.2266819328069687,
            -0.017116256058216095,
            -0.6512960195541382,
            0.42972850799560547,
            -0.4061734676361084,
            -0.016269104555249214,
            -0.08128921687602997,
            0.11463605612516403,
            -0.3739188313484192,
            -0.5925885438919067,
            -0.36364907026290894,
            0.32608991861343384,
            -0.5720320343971252,
            0.1869416981935501,
            0.12102347612380981,
            0.3101237714290619,
            0.13267867267131805,
            -0.004740845877677202,
            -0.04533466696739197,
            0.20652347803115845,
            0.49706876277923584,
            0.21507500112056732,
            0.029514482244849205,
            -0.42448189854621887,
            -0.4864027798175812,
            -0.634235680103302,
            0.35223785042762756,
            0.2143208533525467,
            -0.3180975317955017,
            -0.1953592300415039,
            0.06465727090835571,
            0.6253157258033752,
            -0.13446108996868134,
            -0.569026529788971,
            -0.4413693845272064,
            -0.33174988627433777,
            -0.31511789560317993,
            -0.46782824397087097,
            -0.28690648078918457,
            -0.21766865253448486,
            -0.49909916520118713,
            0.0853709727525711,
            0.6121319532394409,
            0.07283464819192886,
            0.24293476343154907,
            -0.6489870548248291,
            -0.16373316943645477,
            0.47730663418769836,
            -0.6763361692428589,
            0.10728573799133301,
            0.502755343914032,
            -0.6709467768669128,
            0.0475509874522686,
            -0.3243659436702728,
            -0.6727546453475952,
            0.03353272005915642,
            0.17970025539398193,
            -0.014567289501428604,
            0.09202811866998672,
            -0.6598846912384033,
            1.4007830619812012,
            0.9621010422706604,
            -0.23887282609939575,
            -0.46852415800094604,
            0.06129177287220955,
            0.7599638104438782,
            0.31008633971214294,
            1.5459402799606323,
            -0.18449412286281586,
            -2.321086883544922,
            0.33155468106269836,
            0.9156826138496399,
            -0.5005309581756592,
            -0.6016628742218018,
            -1.3136118650436401,
            -0.6393377184867859,
            0.6873466372489929,
            1.2609935998916626,
            0.3141949772834778,
            0.4773730933666229,
            1.5593957901000977,
            0.021129226312041283,
            -0.3301827907562256,
            0.20450738072395325,
            -0.5993220210075378,
            -1.0225094556808472,
            -0.012660744599997997,
            -0.47713157534599304,
            -0.547770082950592,
            1.5425949096679688,
            -0.06966536492109299,
            -0.43224796652793884,
            1.213826298713684,
            -0.6177014112472534,
            -0.335636168718338,
            -0.6488794684410095,
            -0.250959187746048,
            0.4958450198173523,
            0.6274762153625488,
            -0.49983513355255127,
            -1.172634243965149,
            0.9131513833999634,
            0.0034449147060513496,
            -0.5570766925811768,
            -1.236301064491272,
            -0.496981143951416,
            1.3873038291931152,
            -0.515156626701355,
            0.41793984174728394,
            0.4198543429374695,
            0.4504271447658539,
            -0.4437393844127655,
            0.05499497801065445,
            -0.6284348964691162,
            -0.9239478707313538,
            -2.102485179901123,
            0.3889167010784149,
            0.08732633292675018,
            -0.6655269861221313,
            -1.1021008491516113,
            0.011771361343562603,
            1.027015209197998,
            -0.14783217012882233,
            0.0005319118499755859,
            0.11821112036705017,
            0.03835806995630264,
            -0.05780789256095886,
            -0.11272194981575012,
            -0.0741274356842041,
            0.07182535529136658,
            0.08163250982761383,
            0.07557141035795212,
            0.10914047062397003,
            -0.39962059259414673,
            -0.07162812352180481,
            0.08468003571033478,
            -0.07354003936052322,
            -0.06707878410816193,
            -0.13045455515384674,
            -0.03506704047322273,
            -0.0766819417476654,
            0.06368769705295563,
            0.04693036526441574,
            0.06156359240412712,
            0.048634570091962814,
            0.12032108008861542,
            0.12086887657642365,
            0.002419382333755493,
            -0.10723583400249481,
            -0.06734421849250793,
            0.04482544958591461,
            0.06447520852088928,
            -0.044526148587465286,
            0.11237364262342453,
            -0.028919890522956848,
            0.04248824715614319,
            0.13294534385204315,
            0.03075927495956421,
