{
    "num_epochs": 20000,
    "batch_size": 256,
    "final_loss": 12.076014041900635,
    "learning_rate": 0.001,
    "train_data_exp_dir_paths": [
        "/app/data/cmc_configs/cmc_train_data"
    ],
    "encoder": {
        "num_inputs": 2,
        "num_outputs": 1,
        "num_hidden_layers": 1,
        "neurons_per_hidden_layer": 64,
        "hidden_layer_activation_function": "relu",
        "final_layer_activation_function": null,
        "bias": true,
        "weights": [
            0.48697391152381897,
            0.2965732514858246,
            0.04124836251139641,
            -0.3490535318851471,
            -0.316266268491745,
            -0.0918273776769638,
            -0.21925298869609833,
            0.36027148365974426,
            -0.3609614074230194,
            0.10384213179349899,
            0.5468776822090149,
            -0.48274484276771545,
            0.45753732323646545,
            -0.2143433541059494,
            0.03278964385390282,
            0.21257111430168152,
            0.38968056440353394,
            0.6571360230445862,
            -0.5685157775878906,
            -0.6821106672286987,
            0.2831748127937317,
            -0.5173149704933167,
            0.16611607372760773,
            -0.5166997313499451,
            -0.261599600315094,
            0.09842753410339355,
            -0.23623502254486084,
            0.17200398445129395,
            -0.950519323348999,
            0.5348581075668335,
            -0.5334542393684387,
            -0.34082597494125366,
            0.128807932138443,
            -0.3822553753852844,
            0.3649304211139679,
            0.3240780234336853,
            -0.3142614960670471,
            0.31443944573402405,
            0.3994177579879761,
            0.08604864776134491,
            0.07165319472551346,
            0.13831020891666412,
            -0.2740420997142792,
            -0.32630670070648193,
            -0.6132965087890625,
            -0.40212324261665344,
            -0.58638995885849,
            -0.5767377018928528,
            -0.5805624127388,
            0.15987259149551392,
            0.3701223134994507,
            -0.6230274438858032,
            0.025461163371801376,
            -0.3921012282371521,
            0.8914704322814941,
            0.4872606098651886,
            0.18223825097084045,
            -0.5144571661949158,
            0.5755292177200317,
            -0.698525607585907,
            -0.3259057402610779,
            -0.2779291272163391,
            0.8163034915924072,
            0.46227535605430603,
            -0.39555633068084717,
            -0.3161972761154175,
            -0.7934059500694275,
            -0.08485045284032822,
            0.5473658442497253,
            -0.21316754817962646,
            -0.2042539119720459,
            0.29001176357269287,
            0.3580901622772217,
            -0.12547184526920319,
            -0.8630810379981995,
            0.047605421394109726,
            -0.4337604343891144,
            -0.15432649850845337,
            -0.30174902081489563,
            -0.18620342016220093,
            0.47661492228507996,
            -0.21686246991157532,
            -0.08700989186763763,
            -0.603225827217102,
            -0.3188072741031647,
            -0.08808349817991257,
            -0.2830890715122223,
            -0.41714581847190857,
            -0.10087787359952927,
            -0.029626619070768356,
            0.42581799626350403,
            0.5917166471481323,
            0.2067522257566452,
            0.5976985692977905,
            -0.13856884837150574,
            0.2187132090330124,
            0.09675183892250061,
            0.4533006250858307,
            0.44616442918777466,
            -0.6294988989830017,
            -0.016268594190478325,
            -0.04209471121430397,
            -0.17587655782699585,
            -0.05567287281155586,
            -0.45549508929252625,
            -0.15421408414840698,
            -0.39596837759017944,
            -0.38491830229759216,
            -0.3445785343647003,
            0.4085891842842102,
            -0.4281274974346161,
            -0.2618008852005005,
            -0.2319663017988205,
            -0.36499643325805664,
            -0.1475014090538025,
            -0.46693354845046997,
            -0.17464664578437805,
            0.2533918023109436,
            -0.3679209053516388,
            -0.5604554414749146,
            -0.10414724051952362,
            0.50564044713974,
            -0.2467416375875473,
            -0.6019101738929749,
            -0.2087356299161911,
            -0.27578839659690857,
            -0.011772396974265575,
            0.379069060087204,
            0.390670508146286,
            0.5675143599510193,
            -0.7298343181610107,
            -1.1805781126022339,
            -1.9308170080184937,
            -0.22512830793857574,
            -0.012938660569489002,
            0.9164162278175354,
            -1.1725300550460815,
            -0.5886110067367554,
            0.3054151237010956,
            0.4114411473274231,
            -0.9783661365509033,
            -0.6519725918769836,
            -0.791585385799408,
            -0.6259296536445618,
            0.6996495723724365,
            1.5642871856689453,
            -1.0430611371994019,
            0.8387371301651001,
            -1.5160757303237915,
            -0.5319106578826904,
            0.24141208827495575,
            0.24516147375106812,
            0.7147189974784851,
            0.6185746788978577,
            -0.6954475045204163,
            0.8853670954704285,
            -0.7016974687576294,
            -0.20443354547023773,
            0.11767062544822693,
            0.28276851773262024,
            -0.11438460648059845,
            1.2928780317306519,
            -0.5016743540763855,
            1.6309131383895874,
            -0.14563396573066711,
            0.5687100887298584,
            0.5802238583564758,
            -0.49475157260894775,
            0.6088699102401733,
            0.36199262738227844,
            0.7301805019378662,
            -0.12517555058002472,
            -0.38266465067863464,
            0.48279404640197754,
            -1.1952433586120605,
            0.7320340275764465,
            -1.6279290914535522,
            0.28654974699020386,
            -0.4386335611343384,
            0.3922622799873352,
            0.48911434412002563,
            0.5000061988830566,
            -1.1776440143585205,
            0.4523046314716339,
            0.5230363011360168,
            0.3900753855705261,
            -1.8369979858398438,
            0.023023895919322968,
            0.9238691926002502,
            -0.5093177556991577,
            -0.2961982786655426,
            -0.5026630163192749,
            -0.007763472851365805,
            -0.08936592936515808,
            0.07878658920526505,
            0.04366438463330269,
            0.21789659559726715,
            -0.07136832177639008,
            -0.10768181085586548,
            -0.09293623268604279,
            0.08833939582109451,
            -0.030758127570152283,
            -0.04827798902988434,
            0.0015181154012680054,
            0.1202799379825592,
            0.05646762624382973,
            0.0441228449344635,
            0.09893670678138733,
            0.029054313898086548,
            -0.10739491134881973,
            0.028317134827375412,
            -0.14726285636425018,
            0.07904885709285736,
            -0.10961312055587769,
            0.11027535796165466,
            0.05058020353317261,
            -0.02351471781730652,
            -0.0583004355430603,
            -0.052427127957344055,
            -0.04903586953878403,
            -0.06676784157752991,
            -0.050054848194122314,
            0.024116680026054382,
            -0.051685724407434464,
            -0.09524783492088318,
            -0.0032756486907601357,
            0.0969001054763794,
