{
    "num_epochs": 10000,
    "batch_size": 256,
    "final_g_loss": 0.7627360224723816,
    "final_d_loss": 0.7165585160255432,
    "generator_learning_rate": 0.0002,
    "discriminator_learning_rate": 0.0005,
    "train_data_exp_dir_path": [
        "/app/data/cmc_configs/cmc_train_data"
    ],
    "generator": {
        "num_inputs": 1,
        "num_outputs": 2,
        "num_hidden_layers": 1,
        "neurons_per_hidden_layer": 64,
        "hidden_layer_activation_function": "relu",
        "final_layer_activation_function": null,
        "bias": true,
        "weights": [
            -0.4909851551055908,
            -1.0270153284072876,
            0.21870003640651703,
            -1.2530733346939087,
            0.2598896324634552,
            2.053508758544922,
            -0.518260657787323,
            0.4991138279438019,
            0.4496860206127167,
            1.7317932844161987,
            0.40968194603919983,
            -0.1382213979959488,
            0.20736347138881683,
            0.37003427743911743,
            1.2018725872039795,
            -1.2960327863693237,
            -1.0618035793304443,
            1.748467206954956,
            -0.1009247824549675,
            -1.1675173044204712,
            -1.1661465167999268,
            -1.752943754196167,
            -0.7780337929725647,
            0.550543487071991,
            -1.0329407453536987,
            0.6191973090171814,
            0.4001310169696808,
            -1.5109678506851196,
            -0.7677168846130371,
            -0.5076862573623657,
            -0.09077227115631104,
            -0.7318447232246399,
            0.6001394391059875,
            -0.47328004240989685,
            -1.0543066263198853,
            -0.9524409770965576,
            -0.499530553817749,
            0.587182343006134,
            0.3832356035709381,
            -0.23278187215328217,
            -1.567031979560852,
            0.432966411113739,
            -0.4810848534107208,
            0.39051201939582825,
            -0.8449534177780151,
            -1.114773154258728,
            -0.9235435128211975,
            0.40624457597732544,
            0.652420163154602,
            -1.5770469903945923,
            0.44434845447540283,
            -0.016445398330688477,
            -1.7322007417678833,
            -1.2888649702072144,
            0.08571089059114456,
            -0.08372616767883301,
            -0.02693653106689453,
            -0.3581816256046295,
            -1.4502919912338257,
            -1.4675620794296265,
            -0.6369303464889526,
            0.05760140344500542,
            1.4005186557769775,
            1.8811955451965332,
            0.458654522895813,
            0.45318692922592163,
            1.8999840021133423,
            1.0532350540161133,
            1.9376766681671143,
            0.749612033367157,
            0.44746872782707214,
            1.5174927711486816,
            1.353620171546936,
            1.4412307739257812,
            1.5704445838928223,
            1.5042927265167236,
            1.869417667388916,
            1.0939744710922241,
            1.580901861190796,
            -0.8381060361862183,
            0.8911922574043274,
            0.5265908241271973,
            -0.49125203490257263,
            -0.8145054578781128,
            0.4624425768852234,
            1.3404054641723633,
            -0.5542173981666565,
            1.7181346416473389,
            -0.7720896601676941,
            1.9483556747436523,
            1.152074933052063,
            1.1495791673660278,
            0.578303873538971,
            0.5345645546913147,
            -0.7906161546707153,
            -0.12448854744434357,
            2.1155877113342285,
            0.49794888496398926,
            0.2538332939147949,
            0.8401613831520081,
            0.45832568407058716,
            1.6660351753234863,
            1.4290251731872559,
            0.172782301902771,
            1.1193714141845703,
            1.3706419467926025,
            0.4630321264266968,
            1.2783973217010498,
            -0.2245984971523285,
            -0.33797577023506165,
            0.849239706993103,
            1.2030209302902222,
            2.0951788425445557,
            1.1165579557418823,
            1.5582678318023682,
            -0.4323577880859375,
            1.3365205526351929,
            1.040162444114685,
            2.1040234565734863,
            -0.6774599552154541,
            -0.34248173236846924,
            0.4255513846874237,
            1.1185557842254639,
            1.090452790260315,
            -0.05508323386311531,
            1.2546699047088623,
            1.4721229076385498,
            0.9280712604522705,
            -0.06737037003040314,
            0.08369597792625427,
            -0.03302013874053955,
            -0.24138860404491425,
            -0.07436776906251907,
            0.3042411208152771,
            -0.040516939014196396,
            0.06048891693353653,
            0.10438071191310883,
            -0.11990074068307877,
            -0.18482284247875214,
            0.05173409357666969,
            0.15468323230743408,
            0.3091621398925781,
            -0.17463432252407074,
            -0.3508947491645813,
            -0.30620092153549194,
            0.44169649481773376,
            -0.06772394478321075,
            0.026878442615270615,
            0.030291352421045303,
            -0.2279209941625595,
            -0.34568244218826294,
            0.004152226727455854,
            -0.15759554505348206,
            -0.005525320302695036,
            0.5346818566322327,
            -0.3424637019634247,
            -0.05274214595556259,
            -0.14593495428562164,
            -0.07970322668552399,
            0.5396139621734619,
            -0.12339910864830017,
            -0.505413293838501,
            0.15649612247943878,
            -0.31358641386032104,
            -0.06006142124533653,
            -0.07644230872392654,
            -0.16489826142787933,
            -0.05033811554312706,
            -0.34781354665756226,
            -0.005952012725174427,
            -0.07808082550764084,
            -0.03628118708729744,
            0.4977625906467438,
            -0.21878764033317566,
            -0.22669626772403717,
            0.29184961318969727,
            -0.030858099460601807,
            0.2656373381614685,
            -0.06729491055011749,
            -0.05528436601161957,
            -0.2769654095172882,
            -0.16272249817848206,
            0.04179321974515915,
            -0.06240391731262207,
            0.05775660276412964,
            -0.2519172132015228,
            -0.36912670731544495,
            -0.14222124218940735,
            0.4537723660469055,
            0.13277289271354675,
            0.07255031913518906,
            0.19002702832221985,
            1.0061842203140259,
            0.34385085105895996,
            1.3135219812393188,
            0.7010271549224854,
            1.3816566467285156,
            1.2644007205963135,
            0.8532423377037048,
            1.7002891302108765,
            1.6125527620315552,
            1.3692785501480103,
            1.675997257232666,
            1.3906046152114868,
            1.2911394834518433,
            1.4746803045272827,
            1.2574266195297241,
            -0.10084974020719528,
            0.49643081426620483,
            1.2982596158981323,
            -0.36513552069664,
            -0.7841783165931702,
            0.5538380742073059,
            0.6330170035362244,
            -1.0710240602493286,
            1.5807822942733765,
            -1.2493332624435425,
            1.47605562210083,
            1.4883061647415161,
            0.5740595459938049,
            0.5704604387283325,
            0.6116108298301697,
            0.01946072280406952,
            -0.7269240021705627,
            1.4360976219177246,
            0.817971408367157,
