{
    "num_epochs": 10000,
    "batch_size": 256,
    "final_g_loss": 0.7996009588241577,
    "final_d_loss": 0.6980509757995605,
    "generator_learning_rate": 0.0002,
    "discriminator_learning_rate": 0.0005,
    "train_data_exp_dir_path": [
        "/app/data/cmc_configs/cmc_train_data"
    ],
    "generator": {
        "num_inputs": 1,
        "num_outputs": 2,
        "num_hidden_layers": 1,
        "neurons_per_hidden_layer": 64,
        "hidden_layer_activation_function": "relu",
        "final_layer_activation_function": null,
        "bias": true,
        "weights": [
            0.8332682847976685,
            -0.29711318016052246,
            0.872910737991333,
            1.1135830879211426,
            -0.9078929424285889,
            -1.2726596593856812,
            0.9280603528022766,
            0.6344130039215088,
            -0.4210752248764038,
            -0.9954548478126526,
            0.6970540881156921,
            -0.0006374759250320494,
            -1.1088625192642212,
            1.2459486722946167,
            -0.5752339363098145,
            0.6390877962112427,
            -1.7584805488586426,
            -2.2465970516204834,
            0.909329891204834,
            0.7949195504188538,
            0.8635528683662415,
            0.8146501183509827,
            0.11332762241363525,
            1.8788180351257324,
            -0.08328504860401154,
            -2.0840377807617188,
            1.017603874206543,
            0.686735987663269,
            0.7829345464706421,
            -0.17491888999938965,
            0.7572247385978699,
            -2.2200732231140137,
            -0.011899606324732304,
            0.03450426459312439,
            0.6948636770248413,
            -1.8968342542648315,
            -1.0509142875671387,
            0.8405671715736389,
            1.3026341199874878,
            -1.368330717086792,
            -1.7824161052703857,
            -0.6761029958724976,
            -0.4675128161907196,
            -1.7039741277694702,
            -1.7094467878341675,
            -1.2751407623291016,
            0.15832757949829102,
            0.4560689926147461,
            -1.5665030479431152,
            -0.030262470245361328,
            0.7826464772224426,
            -1.8863215446472168,
            -1.6822530031204224,
            -1.4581860303878784,
            -1.8281676769256592,
            -1.2294856309890747,
            -1.3455662727355957,
            1.7564442157745361,
            -1.7191836833953857,
            -1.576393723487854,
            0.7216651439666748,
            0.5193674564361572,
            -1.670580506324768,
            -0.31988441944122314,
            1.4119983911514282,
            1.8637357950210571,
            1.4763470888137817,
            1.8723853826522827,
            -1.132330298423767,
            0.6120768785476685,
            1.2227622270584106,
            1.0706751346588135,
            1.2337071895599365,
            0.4981516897678375,
            -0.008449668064713478,
            1.2132517099380493,
            -1.3096187114715576,
            2.1080284118652344,
            1.8622589111328125,
            1.050018072128296,
            0.7794030904769897,
            -0.1985141783952713,
            1.2069889307022095,
            1.3322532176971436,
            -0.6441679000854492,
            1.0914180278778076,
            -0.7116503715515137,
            0.12565720081329346,
            1.9417864084243774,
            1.009191870689392,
            1.7248401641845703,
            0.9153920412063599,
            1.3265280723571777,
            1.805490255355835,
            1.2389960289001465,
            -0.1590961217880249,
            1.7685850858688354,
            2.1470937728881836,
            0.9086676239967346,
            1.208377480506897,
            0.4603411555290222,
            1.419143795967102,
            2.194258689880371,
            0.6287301182746887,
            0.8341567516326904,
            0.401681125164032,
            1.5955867767333984,
            0.7153794169425964,
            1.1874643564224243,
            -1.3217566013336182,
            -0.9862145185470581,
            -0.2586653232574463,
            0.6569161415100098,
            -0.6134841442108154,
            1.3146651983261108,
            1.0186245441436768,
            0.5141873359680176,
            0.826077401638031,
            0.8230674862861633,
            1.42006254196167,
            -1.6557419300079346,
            0.10763771831989288,
            0.9417014718055725,
            0.8631960153579712,
            1.2148122787475586,
            0.8731945753097534,
            0.9808822870254517,
            1.5114699602127075,
            0.2608412802219391,
            0.1385413110256195,
            0.21539999544620514,
            0.11812631040811539,
            -1.350341558456421,
            -0.4034730792045593,
            -0.47702139616012573,
            0.09215165674686432,
            -0.05003901943564415,
            -0.5222113132476807,
            0.34162819385528564,
            0.1514323204755783,
            -1.6509844064712524,
            0.31314578652381897,
            0.15968455374240875,
            -0.14368291199207306,
            -0.24821513891220093,
            0.9941504597663879,
            -0.4267503619194031,
            0.014919125474989414,
            -1.3043124675750732,
            -0.42991727590560913,
            0.040312111377716064,
            0.533285915851593,
            0.10078883171081543,
            -0.29918116331100464,
            0.26478421688079834,
            -0.34973791241645813,
            0.2536343038082123,
            0.049079522490501404,
            -0.12083621323108673,
            0.9384041428565979,
            -0.03420872241258621,
            -0.023278580978512764,
            -0.5481470227241516,
            -0.0530763640999794,
            -0.7161375284194946,
            0.13788582384586334,
            0.19860607385635376,
            -0.30254071950912476,
            -0.3685985505580902,
            -0.5107832551002502,
            0.02535928040742874,
            -0.052074771374464035,
            -0.161258727312088,
            -1.612743854522705,
            0.08556459844112396,
            -0.7059463262557983,
            -0.06904871761798859,
            0.051129356026649475,
            0.04148191586136818,
            -0.2214335799217224,
            0.25331249833106995,
            -0.26146355271339417,
            -0.20999647676944733,
            -0.13016322255134583,
            -1.7367204427719116,
            0.40636277198791504,
            -0.3617037534713745,
            -0.3645806908607483,
            0.07576332986354828,
            0.00710251135751605,
            -0.28891536593437195,
            0.0949362963438034,
            1.3935270309448242,
            1.3699712753295898,
            1.3646824359893799,
            1.3160394430160522,
            -0.0810595452785492,
            0.4823751747608185,
            0.9023345112800598,
            1.1959705352783203,
            1.0612126588821411,
            0.3873421251773834,
            0.41418156027793884,
            1.2583949565887451,
            -0.4017992317676544,
            1.4092963933944702,
            1.1335424184799194,
            1.1870975494384766,
            0.9000505805015564,
            0.6325624585151672,
            0.9407374262809753,
            1.0255563259124756,
            0.29722923040390015,
            1.1065751314163208,
            0.09013697504997253,
            0.5216513276100159,
            1.3611496686935425,
            0.6581630110740662,
            1.1616085767745972,
            0.8332169651985168,
            1.4526616334915161,
            1.205603003501892,
            0.99314945936203,
            0.7417111396789551,
            1.2422640323638916,
            1.322087287902832,
            0.8744686245918274,
