{
    "num_epochs": 20000,
    "batch_size": 1000,
    "final_g_loss": 0.9182964563369751,
    "final_d_loss": 0.7093549370765686,
    "train_data_exp_dir_path": "data/scp_train_data_non_norm",
    "generator": {
        "num_inputs": 2,
        "num_outputs": 2,
        "num_hidden_layers": 1,
        "neurons_per_hidden_layer": 64,
        "hidden_layer_activation_function": "relu",
        "final_layer_activation_function": null,
        "bias": true,
        "weights": [
            -0.7449647188186646,
            -0.664594829082489,
            1.0661636590957642,
            -0.6401659250259399,
            0.3450622260570526,
            0.21723096072673798,
            0.4591909945011139,
            0.6667199730873108,
            -1.0867919921875,
            1.1462647914886475,
            1.0720535516738892,
            -0.9001646041870117,
            -1.2252289056777954,
            -0.37198272347450256,
            0.1286652684211731,
            -0.8424676060676575,
            -0.9281725883483887,
            -0.6063895225524902,
            -0.41227567195892334,
            -0.45548000931739807,
            1.326385498046875,
            0.490885853767395,
            1.3356679677963257,
            -0.3661257326602936,
            0.5877558588981628,
            -1.052194595336914,
            0.18994857370853424,
            1.0524611473083496,
            0.493878036737442,
            0.12035665661096573,
            -1.3417245149612427,
            -0.42517489194869995,
            -0.9708440899848938,
            1.495971441268921,
            0.7691380977630615,
            -0.36778393387794495,
            0.2014724165201187,
            -0.7242708206176758,
            0.4476306438446045,
            0.09953052550554276,
            -0.12650735676288605,
            -0.610580563545227,
            0.779258668422699,
            0.558807909488678,
            1.149306058883667,
            -0.7998552918434143,
            0.7884525656700134,
            0.7579280138015747,
            -0.9433435797691345,
            0.8454676270484924,
            -1.7836613655090332,
            -0.7616074681282043,
            -0.15133661031723022,
            -0.8139732480049133,
            0.4698944389820099,
            -0.48630446195602417,
            0.7682331800460815,
            -0.9146183729171753,
            -1.6044842004776,
            -0.8093475103378296,
            0.6522009968757629,
            0.1660667508840561,
            0.9334367513656616,
            -1.4702202081680298,
            -1.4327994585037231,
            -0.39094704389572144,
            -0.2628845274448395,
            -0.7675237655639648,
            -0.0682981014251709,
            0.3681151568889618,
            -0.5385981798171997,
            1.2644978761672974,
            0.5495890974998474,
            0.9301682114601135,
            0.2241296023130417,
            0.6709232330322266,
            -1.3898338079452515,
            -0.7166702151298523,
            0.22445395588874817,
            -0.5111088156700134,
            -1.20310378074646,
            0.8754287958145142,
            -0.46123766899108887,
            0.4288065433502197,
            0.5711535215377808,
            0.2065752148628235,
            0.46746841073036194,
            -0.9500977993011475,
            -0.012716924771666527,
            -0.6284164190292358,
            -0.47064870595932007,
            -0.08710566908121109,
            -1.268658995628357,
            -0.31895968317985535,
            -1.2586407661437988,
            -0.7084172964096069,
            -0.228871151804924,
            0.15178465843200684,
            0.8927226662635803,
            -0.22526606917381287,
            -0.030366122722625732,
            -0.023678123950958252,
            0.5073425769805908,
            0.17398478090763092,
            0.17966027557849884,
            -0.5760658979415894,
            1.1561455726623535,
            -1.0259312391281128,
            0.8959343433380127,
            0.9839383363723755,
            -1.0525106191635132,
            1.063689947128296,
            -0.6446922421455383,
            0.3664649724960327,
            -0.08839055895805359,
            -0.6358524560928345,
            -0.4449167549610138,
            -0.07125430554151535,
            0.6365946531295776,
            -0.8185625672340393,
            1.4228352308273315,
            0.7072505950927734,
            0.6607208847999573,
            -1.0150270462036133,
            -1.319351077079773,
            -0.3769325315952301,
            -1.0660656690597534,
            -0.6226643919944763,
            0.8412491083145142,
            0.6562488079071045,
            1.0771597623825073,
            0.9811611771583557,
            0.8321841955184937,
            0.39116302132606506,
            0.6983495950698853,
            1.1951627731323242,
            0.48931485414505005,
            1.417857050895691,
            0.5529049634933472,
            1.2584502696990967,
            0.1571100652217865,
            0.9758466482162476,
            1.3731111288070679,
            0.7675259709358215,
            0.8689768314361572,
            1.3521252870559692,
            -0.186482235789299,
            1.2196133136749268,
            1.4355626106262207,
            0.8968265056610107,
            1.0611400604248047,
            0.8698814511299133,
            1.2023837566375732,
            0.6915740370750427,
            1.0957276821136475,
            -0.00280774082057178,
            0.11866527050733566,
            0.5579549670219421,
            1.7781033515930176,
            0.9902923107147217,
            0.864982545375824,
            1.784924030303955,
            1.1635578870773315,
            0.7520132064819336,
            0.884315550327301,
            1.4509952068328857,
            -0.2830224931240082,
            1.2522751092910767,
            0.8583852648735046,
            1.4516569375991821,
            1.655931830406189,
            0.5439170002937317,
            1.7602070569992065,
            1.6379960775375366,
            0.8936903476715088,
            0.699745774269104,
            1.1779844760894775,
            0.6304853558540344,
            -0.30005258321762085,
            1.4245001077651978,
            0.21870678663253784,
            0.06649207323789597,
            0.8310564756393433,
            1.0251498222351074,
            0.562255322933197,
            1.6652915477752686,
            1.4912875890731812,
            1.1280561685562134,
            0.30209213495254517,
            0.7861745953559875,
            1.3187124729156494,
            0.43381813168525696,
            -0.14209075272083282,
            0.05803019925951958,
            -0.1819428950548172,
            -0.08492754399776459,
            0.15014268457889557,
            -0.1650134027004242,
            -0.26452508568763733,
            0.07107150554656982,
            -0.3828721344470978,
            0.408979594707489,
            0.6440556049346924,
            0.10625432431697845,
            -0.14585046470165253,
            -0.2950690984725952,
            -0.1683051735162735,
            -0.6659256219863892,
            0.17330166697502136,
            0.08253214508295059,
            0.04142085835337639,
            -0.2478417158126831,
            0.2908560335636139,
            0.17636100947856903,
            -0.09815806895494461,
            0.16710661351680756,
            0.14329470694065094,
            -0.9066829085350037,
            0.2889576256275177,
            -0.24960871040821075,
            -0.33013781905174255,
            -0.8683021664619446,
            -0.2637752890586853,
            -0.06316906213760376,
            -0.5714414715766907,
            0.2674873471260071,
            -0.04185638949275017,
            0.15892294049263,
            -0.09288673847913742,
            -0.3495659828186035,
            1.2133458852767944,
