{
    "num_epochs": 10000,
    "batch_size": 256,
    "final_g_loss": 0.7087019085884094,
    "final_d_loss": 0.7079920768737793,
    "generator_learning_rate": 0.0002,
    "discriminator_learning_rate": 0.0005,
    "train_data_exp_dir_path": [
        "/app/data/cmc_configs/cmc_train_data"
    ],
    "generator": {
        "num_inputs": 1,
        "num_outputs": 2,
        "num_hidden_layers": 1,
        "neurons_per_hidden_layer": 64,
        "hidden_layer_activation_function": "relu",
        "final_layer_activation_function": null,
        "bias": true,
        "weights": [
            0.7936628460884094,
            -1.6983615159988403,
            -0.8475403785705566,
            -1.8696987628936768,
            -0.9054168462753296,
            -1.066888689994812,
            -1.9362866878509521,
            -0.6031637787818909,
            -0.054665565490722656,
            1.459703803062439,
            -2.202716112136841,
            0.36620989441871643,
            -1.9164150953292847,
            -0.8978978395462036,
            -1.1898447275161743,
            0.6322071552276611,
            -1.927249550819397,
            2.0639307498931885,
            0.564813494682312,
            -1.7311965227127075,
            -0.8769732713699341,
            -1.5344873666763306,
            1.1572766304016113,
            1.9897384643554688,
            -1.555364727973938,
            -1.4542077779769897,
            -1.091003179550171,
            0.8682204484939575,
            -0.5784937143325806,
            1.4496937990188599,
            1.081892967224121,
            -1.4762934446334839,
            -1.524680256843567,
            -1.4921993017196655,
            -1.4230878353118896,
            -1.2423701286315918,
            0.7162277698516846,
            -0.8505589962005615,
            -1.153050422668457,
            -0.8789905309677124,
            0.7913188934326172,
            -0.8045212030410767,
            1.37362539768219,
            1.2934653759002686,
            -1.1935948133468628,
            -1.0399057865142822,
            1.2158677577972412,
            1.699017882347107,
            -0.6159963607788086,
            -0.01685035228729248,
            1.1535807847976685,
            1.0892949104309082,
            -1.7872934341430664,
            -0.8853251338005066,
            1.72579026222229,
            1.7913955450057983,
            0.19181501865386963,
            -1.122954249382019,
            -0.6125752925872803,
            0.9235451817512512,
            1.6627471446990967,
            -0.1439676284790039,
            2.0061752796173096,
            -0.20258253812789917,
            1.2995072603225708,
            0.3062589466571808,
            1.7723661661148071,
            -0.8620345592498779,
            1.859040379524231,
            1.0071358680725098,
            1.2030901908874512,
            0.960906982421875,
            -0.8217883110046387,
            1.2563568353652954,
            -0.9798105359077454,
            1.6354734897613525,
            1.5882962942123413,
            1.8660496473312378,
            0.8224382400512695,
            -0.6528466939926147,
            1.5722177028656006,
            0.13466984033584595,
            1.8231492042541504,
            -0.7027538418769836,
            1.8018653392791748,
            0.8707371354103088,
            2.1161019802093506,
            -0.00935270544141531,
            0.5772415399551392,
            0.5641193389892578,
            2.2160918712615967,
            1.4352900981903076,
            0.919140100479126,
            1.8173496723175049,
            1.7007555961608887,
            0.5624531507492065,
            1.379716396331787,
            0.8910059332847595,
            2.2211647033691406,
            2.508878469467163,
            2.0304315090179443,
            1.3228929042816162,
            -0.44128963351249695,
            0.8840712308883667,
            1.368988275527954,
            0.7587941884994507,
            2.0549466609954834,
            1.9164642095565796,
            2.4200761318206787,
            0.9911962747573853,
            1.9984828233718872,
            0.7456209659576416,
            0.9758158922195435,
            -0.22811996936798096,
            1.5129061937332153,
            1.3177292346954346,
            1.5007915496826172,
            1.8152518272399902,
            0.10527878254652023,
            0.09346385300159454,
            2.1793510913848877,
            2.2756927013397217,
            0.9763889312744141,
            1.9313780069351196,
            -0.4282208979129791,
            -0.8046009540557861,
            0.2346695363521576,
            1.148367166519165,
            -0.26818010210990906,
            -0.6576506495475769,
            0.5394110679626465,
            1.3540778160095215,
            1.116159200668335,
            -0.9755012392997742,
            -0.6947583556175232,
            -0.5297448039054871,
            -0.11167693138122559,
            -0.374738872051239,
            2.4790666103363037,
            -0.02720170095562935,
            -0.8048210740089417,
            0.5753698348999023,
            -0.4894069731235504,
            -1.8627042770385742,
            -0.9094098210334778,
            -0.7653533816337585,
            -0.04833890497684479,
            2.4918148517608643,
            1.1439450979232788,
            -0.549536406993866,
            -0.1843307465314865,
            -0.7753405570983887,
            -0.7891344428062439,
            -0.5994187593460083,
            1.1946585178375244,
            -0.23009102046489716,
            -0.6879832744598389,
            0.4086330831050873,
            0.3594707250595093,
            -0.9331656098365784,
            -0.8192232847213745,
            -0.8254005908966064,
            -0.9037147760391235,
            1.1350294351577759,
            -0.0724039226770401,
            -0.7849428653717041,
            0.6147751808166504,
            -0.6949480772018433,
            -0.18348340690135956,
            -0.6022084951400757,
            0.30508357286453247,
            0.31936588883399963,
            0.9417814016342163,
            -0.8840805292129517,
            0.21891464293003082,
            -0.43928423523902893,
            -0.7156794667243958,
            -0.023710355162620544,
            0.4022693634033203,
            0.4696824252605438,
            -0.8954868912696838,
            1.1993411779403687,
            -0.6886250376701355,
            -0.6623619198799133,
            0.10164671391248703,
            1.1631273031234741,
            -0.6291536688804626,
            -0.469391405582428,
            -0.94087815284729,
            -0.08784957230091095,
            -0.5959027409553528,
            -0.44971394538879395,
            1.4672017097473145,
            -0.6025781035423279,
            1.434905767440796,
            0.31052106618881226,
            1.587579369544983,
            -0.117171511054039,
            -0.5472150444984436,
            0.722902238368988,
            -0.04768963158130646,
            0.7781879305839539,
            1.0670950412750244,
            1.4071060419082642,
            -0.35451292991638184,
            1.382912278175354,
            -0.49173420667648315,
            -0.7572854161262512,
            -0.35503751039505005,
            0.09127125889062881,
            1.4699188470840454,
            -0.048233188688755035,
            1.566570520401001,
            -0.568551778793335,
            1.5566927194595337,
            -0.22671733796596527,
            -0.807186484336853,
            -0.5489814281463623,
            1.5745291709899902,
            1.428430438041687,
            0.863627016544342,
            1.587362289428711,
            1.7457669973373413,
            -0.7942783832550049,
            -0.19311556220054626,
            -0.5763067007064819,
            0.7364653944969177,
            1.5121783018112183,
