{
    "num_epochs": 20000,
    "batch_size": 1000,
    "final_g_loss": 0.5771621465682983,
    "final_d_loss": 0.6979323625564575,
    "train_data_exp_dir_path": "data/scp_train_data_non_norm",
    "generator": {
        "num_inputs": 2,
        "num_outputs": 2,
        "num_hidden_layers": 1,
        "neurons_per_hidden_layer": 64,
        "hidden_layer_activation_function": "relu",
        "final_layer_activation_function": null,
        "bias": true,
        "weights": [
            0.7805477380752563,
            -1.4881452322006226,
            -1.2267508506774902,
            -1.4212253093719482,
            1.0780624151229858,
            1.116653323173523,
            1.4691661596298218,
            -1.2203768491744995,
            -1.1436867713928223,
            -1.270495891571045,
            1.0479758977890015,
            -1.4865751266479492,
            1.5575180053710938,
            0.49827641248703003,
            -1.0288938283920288,
            -0.9815376400947571,
            1.0472190380096436,
            -1.4440231323242188,
            -1.1314502954483032,
            -0.9110730290412903,
            -0.9222818613052368,
            1.4806969165802002,
            1.1009836196899414,
            1.4430774450302124,
            -1.0062891244888306,
            -1.2925983667373657,
            -0.7303946614265442,
            0.8165001273155212,
            1.2233589887619019,
            -0.9570837616920471,
            -0.978046715259552,
            -0.9623923897743225,
            -0.13843950629234314,
            0.23168715834617615,
            -1.4547853469848633,
            0.8830757141113281,
            -1.2656145095825195,
            1.014271855354309,
            0.8881550431251526,
            1.4350637197494507,
            -1.4768483638763428,
            1.180963397026062,
            0.5339493751525879,
            0.14995835721492767,
            -0.7612111568450928,
            0.6815571188926697,
            -1.481352686882019,
            -1.471689224243164,
            1.4433633089065552,
            -1.2495062351226807,
            -1.3374394178390503,
            1.2025644779205322,
            1.1625583171844482,
            1.3170759677886963,
            -0.9036614298820496,
            -1.5377017259597778,
            1.2942801713943481,
            0.9656334519386292,
            0.4627048373222351,
            1.4434638023376465,
            0.791459858417511,
            1.4242124557495117,
            -1.1567631959915161,
            1.0686941146850586,
            -0.7353264689445496,
            1.1690505743026733,
            0.6352565288543701,
            -0.8912742733955383,
            -1.1279419660568237,
            -1.4459377527236938,
            1.1484284400939941,
            -0.9326159358024597,
            -1.120491623878479,
            -1.4386026859283447,
            -0.8747317790985107,
            0.9017452597618103,
            -0.38834670186042786,
            0.8535107970237732,
            -0.2273431122303009,
            -1.1612815856933594,
            -1.2344921827316284,
            -1.300370454788208,
            -0.9561363458633423,
            1.0607680082321167,
            1.312613844871521,
            -1.239135503768921,
            0.6058828830718994,
            0.12685918807983398,
            -1.3134227991104126,
            1.3612143993377686,
            1.025123119354248,
            -1.237210988998413,
            -1.135489821434021,
            -0.9832454919815063,
            -0.15296387672424316,
            0.5983489155769348,
            -0.8263533115386963,
            1.5676604509353638,
            0.00410505011677742,
            0.417130708694458,
            -1.2713987827301025,
            0.9616466164588928,
            1.0637933015823364,
            -1.0185884237289429,
            1.0829821825027466,
            -0.9336100816726685,
            1.250368595123291,
            1.4753658771514893,
            -1.0271483659744263,
            0.9293001890182495,
            0.776248037815094,
            1.0949219465255737,
            -1.268802523612976,
            -1.5234825611114502,
            1.5328798294067383,
            1.615952968597412,
            1.3127027750015259,
            1.5913944244384766,
            1.1405242681503296,
            -1.173980712890625,
            -1.3497021198272705,
            1.3322819471359253,
            1.1338685750961304,
            -1.3796124458312988,
            1.2248196601867676,
            -1.0842443704605103,
            -1.4553110599517822,
            -1.3860877752304077,
            0.14295487105846405,
            0.8827068209648132,
            0.2840832471847534,
            1.271131157875061,
            1.336394190788269,
            0.24908021092414856,
            1.645808458328247,
            0.5338644981384277,
            0.2213640660047531,
            1.158744215965271,
            0.3213896155357361,
            1.5986958742141724,
            0.8456824421882629,
            0.4318019151687622,
            1.2323514223098755,
            0.6620265245437622,
            1.4336925745010376,
            0.9238688349723816,
            1.5610555410385132,
            1.105063557624817,
            0.8042228817939758,
            1.4388742446899414,
            1.3120355606079102,
            1.4102463722229004,
            0.36272507905960083,
            0.9134765267372131,
            0.5582059621810913,
            0.522001326084137,
            0.43473371863365173,
            1.3926467895507812,
            1.298002004623413,
            1.0450609922409058,
            0.5674407482147217,
            0.9786024689674377,
            0.6489987969398499,
            0.36809417605400085,
            0.13792826235294342,
            0.9706399440765381,
            0.8810949325561523,
            1.480076789855957,
            0.20015230774879456,
            1.1533958911895752,
            0.6399962902069092,
            1.596186637878418,
            1.16383695602417,
            0.9708415865898132,
            1.0158461332321167,
            1.2979085445404053,
            1.2860214710235596,
            1.4151053428649902,
            1.3364757299423218,
            0.9975012540817261,
            0.8744327425956726,
            0.4058085083961487,
            0.9796710014343262,
            1.5158196687698364,
            1.6951311826705933,
            0.2953650951385498,
            1.053186297416687,
            1.6374518871307373,
            0.29199135303497314,
            0.47511687874794006,
            0.4214625954627991,
            1.0463887453079224,
            -0.34532517194747925,
            -0.0719933733344078,
            0.09547059237957001,
            -0.062383219599723816,
            0.12948861718177795,
            -0.5317642092704773,
            -0.04878616705536842,
            0.3369178771972656,
            -0.32459455728530884,
            0.0003080210881307721,
            -0.05649043992161751,
            0.18556638062000275,
            0.007359129376709461,
            -0.1463264375925064,
            -0.11982351541519165,
            0.18541620671749115,
            0.27669423818588257,
            0.0388510525226593,
            -0.10445484519004822,
            0.1179586872458458,
            -0.1476254165172577,
            0.03522627055644989,
            -0.017326097935438156,
            0.14865106344223022,
            -0.4102669656276703,
            -0.09284057468175888,
            0.10170800983905792,
            0.01333856675773859,
            -0.04250054433941841,
            -0.05629952996969223,
            0.08767089992761612,
            -0.0013139478396624327,
            -0.10476594418287277,
            -0.2085503190755844,
            0.0181234460324049,
            -0.3559783101081848,
            0.05830899998545647,
            -0.004319526255130768,
            -0.1572876274585724,
