{
    "num_epochs": 20000,
    "batch_size": 1000,
    "final_g_loss": 0.5272100567817688,
    "final_d_loss": 0.7045055627822876,
    "train_data_exp_dir_path": "data/scp_train_data_non_norm",
    "generator": {
        "num_inputs": 2,
        "num_outputs": 2,
        "num_hidden_layers": 1,
        "neurons_per_hidden_layer": 64,
        "hidden_layer_activation_function": "relu",
        "final_layer_activation_function": null,
        "bias": true,
        "weights": [
            0.7456466555595398,
            1.1253349781036377,
            -1.305519700050354,
            -1.4579652547836304,
            1.4476324319839478,
            -1.4894686937332153,
            1.0233162641525269,
            1.2744956016540527,
            1.2472238540649414,
            -1.3230103254318237,
            -1.3280689716339111,
            1.245656967163086,
            1.2553001642227173,
            1.1261327266693115,
            -1.7006889581680298,
            1.3469713926315308,
            -1.7592273950576782,
            -1.5845791101455688,
            -1.0712101459503174,
            1.314896821975708,
            1.419196605682373,
            -1.4021748304367065,
            0.9871308207511902,
            -1.2531217336654663,
            -1.1200857162475586,
            -1.4165536165237427,
            -1.3293098211288452,
            -1.4615962505340576,
            1.3663616180419922,
            1.3909934759140015,
            -1.6824586391448975,
            -1.2681411504745483,
            -1.3398776054382324,
            1.1281160116195679,
            -1.138263463973999,
            1.2347851991653442,
            1.1000477075576782,
            1.157842993736267,
            1.2537404298782349,
            0.9277085661888123,
            -1.1591334342956543,
            -1.4691435098648071,
            -1.2987817525863647,
            0.8960399627685547,
            -1.6082314252853394,
            -0.643406093120575,
            0.9177068471908569,
            -1.455305576324463,
            -1.474113941192627,
            1.1650543212890625,
            1.1198457479476929,
            1.049567461013794,
            -1.2320642471313477,
            -1.3433973789215088,
            1.363561749458313,
            1.4227944612503052,
            -1.4876152276992798,
            -1.5033047199249268,
            -0.3502006530761719,
            0.3968699872493744,
            -1.205869197845459,
            1.1245629787445068,
            0.9453628063201904,
            1.3851300477981567,
            0.06902360171079636,
            0.048124730587005615,
            -1.3984771966934204,
            -1.2857807874679565,
            0.653267502784729,
            1.313706398010254,
            0.49435457587242126,
            0.7264511585235596,
            1.059376835823059,
            -1.5555981397628784,
            -1.7143120765686035,
            -1.59526789188385,
            -1.3464937210083008,
            -1.1460163593292236,
            1.3170390129089355,
            -1.011469841003418,
            0.7373097538948059,
            1.2039825916290283,
            1.2781428098678589,
            -1.5870411396026611,
            -0.25209107995033264,
            -0.5686722993850708,
            1.1930782794952393,
            0.8098401427268982,
            -0.20667847990989685,
            0.25798115134239197,
            -1.6122283935546875,
            1.4502793550491333,
            1.132703185081482,
            -1.2983970642089844,
            -1.7127766609191895,
            0.8854530453681946,
            0.0642947256565094,
            0.005253005772829056,
            0.8228784799575806,
            -1.452091097831726,
            1.1411763429641724,
            0.8788626194000244,
            1.304081678390503,
            -1.0312299728393555,
            -1.5342965126037598,
            0.8298733830451965,
            -1.2238301038742065,
            -1.0854510068893433,
            -1.4561136960983276,
            1.3448007106781006,
            1.3832138776779175,
            -0.8162726759910583,
            1.4372437000274658,
            -1.6734808683395386,
            1.3635400533676147,
            0.7900300621986389,
            1.43623948097229,
            0.803311288356781,
            -1.1089342832565308,
            1.4233644008636475,
            -1.0067256689071655,
            -1.4354256391525269,
            -1.4326398372650146,
            1.0384916067123413,
            -1.606446623802185,
            0.9361191391944885,
            1.3352141380310059,
            -1.6399815082550049,
            0.6256247162818909,
            0.7897216081619263,
            0.9772810935974121,
            0.5668883323669434,
            0.4030599296092987,
            0.43162280321121216,
            1.3210328817367554,
            0.5997276902198792,
            1.30987548828125,
            1.531247615814209,
            0.8265491127967834,
            0.538012683391571,
            0.7399724721908569,
            0.7169404625892639,
            0.9255455732345581,
            1.33425772190094,
            0.6063066124916077,
            1.3646751642227173,
            0.8542026877403259,
            0.8792185187339783,
            1.2836476564407349,
            1.3299039602279663,
            1.543260097503662,
            1.1765724420547485,
            1.0524582862854004,
            0.7302111983299255,
            1.1794663667678833,
            1.0808643102645874,
            0.9865047335624695,
            -0.4388221800327301,
            1.556815266609192,
            1.6527388095855713,
            -0.38778653740882874,
            1.2493780851364136,
            0.8341037034988403,
            1.2080153226852417,
            1.238926887512207,
            1.084564208984375,
            0.6717847585678101,
            0.40317362546920776,
            1.2585954666137695,
            0.43720632791519165,
            1.5498919486999512,
            0.4676811397075653,
            -0.16109098494052887,
            0.35191863775253296,
            0.9375403523445129,
            1.2425533533096313,
            -0.2943299114704132,
            1.143782138824463,
            0.5446556806564331,
            1.250452995300293,
            1.0900626182556152,
            0.79139643907547,
            0.45668572187423706,
            1.088445782661438,
            0.3935367166996002,
            1.2878761291503906,
            1.1139246225357056,
            0.86613529920578,
            1.1001486778259277,
            0.3652983009815216,
            0.264629989862442,
            0.4284003973007202,
            0.09418852627277374,
            -0.3049513101577759,
            0.08785935491323471,
            -0.006682245060801506,
            0.024973450228571892,
            0.08127182722091675,
            0.05934000760316849,
            0.008214929141104221,
            -0.20968113839626312,
            0.23395836353302002,
            -0.04441489279270172,
            -0.053044963628053665,
            -0.339656800031662,
            -0.2571762800216675,
            -0.037435177713632584,
            -0.20382748544216156,
            0.05537084490060806,
            0.05951324477791786,
            0.0758623406291008,
            0.02604193240404129,
            -0.04958963021636009,
            -0.01976388320326805,
            -0.039079587906599045,
            0.031845979392528534,
            -0.024147793650627136,
            -0.0738072469830513,
            -0.15895280241966248,
            -0.046786338090896606,
            -0.27140411734580994,
            -0.35893940925598145,
            0.027872012928128242,
            0.12288910150527954,
            0.03934716433286667,
            -0.12692998349666595,
            -0.01101386733353138,
            0.17668862640857697,
            -0.07481405884027481,
            -0.28864553570747375,
            -0.4166841208934784,
