{
    "num_epochs": 20000,
    "batch_size": 1000,
    "final_g_loss": 3.440183162689209,
    "final_d_loss": 0.01734142191708088,
    "generator_learning_rate": 0.0002,
    "discriminator_learning_rate": 0.0002,
    "train_data_exp_dir_path": [
        "/app/data/cmc_configs/cmc_train_data"
    ],
    "generator": {
        "num_inputs": 2,
        "num_outputs": 2,
        "num_hidden_layers": 0,
        "neurons_per_hidden_layer": 0,
        "hidden_layer_activation_function": "relu",
        "final_layer_activation_function": null,
        "bias": true,
        "weights": [
            0.0006498983129858971,
            7.272904622368515e-05,
            -0.08756731450557709,
            -0.04512013494968414,
            -0.0778631791472435,
            3.681858777999878
        ]
    },
    "discriminator": {
        "num_inputs": 2,
        "num_outputs": 1,
        "num_hidden_layers": 0,
        "neurons_per_hidden_layer": 0,
        "hidden_layer_activation_function": "relu",
        "final_layer_activation_function": "sigmoid",
        "bias": true,
        "weights": [
            4.044603701913729e-05,
            0.15613695979118347,
            -3.9816436767578125
        ]
    }
}