{
    "num_epochs": 10000,
    "batch_size": 256,
    "final_g_loss": 0.8046677112579346,
    "final_d_loss": 0.6711179614067078,
    "generator_learning_rate": 0.0002,
    "discriminator_learning_rate": 0.0005,
    "train_data_exp_dir_path": [
        "/app/data/cmc_configs/cmc_train_data"
    ],
    "generator": {
        "num_inputs": 1,
        "num_outputs": 2,
        "num_hidden_layers": 1,
        "neurons_per_hidden_layer": 64,
        "hidden_layer_activation_function": "relu",
        "final_layer_activation_function": null,
        "bias": true,
        "weights": [
            -0.4011942744255066,
            0.5222389698028564,
            -2.3753039836883545,
            -1.0578457117080688,
            0.7378374934196472,
            -1.8825719356536865,
            2.256707191467285,
            -1.8610347509384155,
            1.46871018409729,
            -1.8535892963409424,
            -0.9887465834617615,
            -0.647805392742157,
            -0.5175141096115112,
            -2.0148708820343018,
            -1.740746259689331,
            -0.47503697872161865,
            0.020375370979309082,
            1.3285725116729736,
            1.6189100742340088,
            -2.0238986015319824,
            0.6357049345970154,
            0.0883915051817894,
            1.5633352994918823,
            -1.7449244260787964,
            -2.627318859100342,
            -0.63291996717453,
            -0.5985350608825684,
            1.8099623918533325,
            0.4541739523410797,
            1.2096112966537476,
            0.6543929576873779,
            1.9536064863204956,
            0.27555686235427856,
            -2.1730401515960693,
            1.2312347888946533,
            0.17905689775943756,
            -1.8874598741531372,
            0.555298388004303,
            1.3637181520462036,
            -0.6822502017021179,
            -1.7268763780593872,
            1.3926066160202026,
            2.273005247116089,
            0.5908393859863281,
            -2.048011302947998,
            -0.2888284921646118,
            2.046980381011963,
            -1.411085605621338,
            0.28080233931541443,
            1.8886209726333618,
            0.1577557623386383,
            -2.003922462463379,
            1.6771366596221924,
            0.7100077271461487,
            -0.04539373144507408,
            2.3823068141937256,
            0.14367078244686127,
            1.4684761762619019,
            -0.7028933763504028,
            1.2979031801223755,
            0.4310908019542694,
            1.5016705989837646,
            0.004255753476172686,
            -0.4044719338417053,
            1.5544843673706055,
            0.5119547843933105,
            0.7744025588035583,
            1.604995846748352,
            1.2122368812561035,
            -0.5787634253501892,
            0.24866804480552673,
            -0.5623069405555725,
            1.5990402698516846,
            0.5316259860992432,
            1.2763559818267822,
            1.6884071826934814,
            1.831663727760315,
            0.6259695887565613,
            0.44982200860977173,
            1.2328598499298096,
            -0.8486634492874146,
            0.8545056581497192,
            1.6314188241958618,
            0.6091509461402893,
            1.509692668914795,
            1.6278026103973389,
            1.699459433555603,
            0.4523499608039856,
            0.8540204167366028,
            1.638501763343811,
            1.7949812412261963,
            0.44262877106666565,
            1.2134414911270142,
            1.430525302886963,
            1.2658495903015137,
            0.4144095480442047,
            1.5364927053451538,
            0.6423348188400269,
            0.6952129006385803,
            1.5214967727661133,
            0.5334467887878418,
            1.5982308387756348,
            1.499642252922058,
            1.752139687538147,
            0.4539029896259308,
            1.5414528846740723,
            0.4248095452785492,
            1.6517598628997803,
            0.8411688804626465,
            1.3154491186141968,
            0.43580469489097595,
            -0.4306742250919342,
            0.8675682544708252,
            0.2829027771949768,
            1.6633741855621338,
            0.5966594815254211,
            0.4154805541038513,
            0.8134647607803345,
            1.2995036840438843,
            0.46508079767227173,
            1.2851067781448364,
            1.479866862297058,
            1.8918883800506592,
            1.341127634048462,
            1.2775119543075562,
            1.7294442653656006,
            -0.024555377662181854,
            1.4860197305679321,
            0.41353169083595276,
            -0.2716802954673767,
            -0.37876012921333313,
            0.11401337385177612,
            0.05031616613268852,
            1.0724689960479736,
            0.006759928539395332,
            0.8889338970184326,
            -0.05558932200074196,
            -0.5994021892547607,
            0.040690042078495026,
            0.5237621068954468,
            0.43184229731559753,
            -0.7559326887130737,
            -0.6490525603294373,
            0.5820015668869019,
            -0.04302096366882324,
            -0.24363373219966888,
            -0.23445624113082886,
            -0.35491055250167847,
            -0.4332638382911682,
            0.22616901993751526,
            -0.0966869592666626,
            -0.6602932810783386,
            -0.6336373686790466,
            0.28623247146606445,
            0.38643866777420044,
            0.42786258459091187,
            -0.37950578331947327,
            0.05616927519440651,
            -0.33528000116348267,
            0.27602022886276245,
            0.12232231348752975,
            -0.4830671548843384,
            -0.0548991933465004,
            0.1869794875383377,
            -0.6026606559753418,
            -0.4752907454967499,
            -0.0040488396771252155,
            0.30206918716430664,
            -0.5406551361083984,
            -0.013837974518537521,
            0.17672528326511383,
            -0.44020506739616394,
            -0.2569582164287567,
            0.2930356562137604,
            0.23743997514247894,
            1.0454949140548706,
            -0.44624897837638855,
            0.11731331050395966,
            0.2431199550628662,
            -0.6106804609298706,
            0.43673980236053467,
            -0.3632323741912842,
            0.23566588759422302,
            0.16063793003559113,
            0.1773403286933899,
            -0.1886882483959198,
            0.48233628273010254,
            0.006391133181750774,
            -0.3703382611274719,
            -0.11084513366222382,
            0.08793777972459793,
            0.4058569669723511,
            0.8101890683174133,
            0.4972180724143982,
            1.0815120935440063,
            0.5820208787918091,
            0.8609836101531982,
            0.9893425703048706,
            1.3944014310836792,
            1.0346442461013794,
            0.8746656179428101,
            1.2945390939712524,
            0.5749829411506653,
            0.6536837816238403,
            0.7720788717269897,
            1.3511576652526855,
            1.3648289442062378,
            0.616199254989624,
            -0.07015107572078705,
            0.6293905377388,
            0.9606174230575562,
            1.1348618268966675,
            0.8087685108184814,
            0.8262197971343994,
            0.9254783987998962,
            1.399951457977295,
            1.2637088298797607,
            0.649224579334259,
            0.7519021034240723,
            1.144747257232666,
            0.6234623193740845,
            1.0572195053100586,
            0.6308946013450623,
            1.250313401222229,
            0.6937167644500732,
            1.1328381299972534,
            0.899869978427887,
            0.7947757840156555,
