{
    "num_epochs": 20000,
    "batch_size": 1000,
    "final_g_loss": 1.0955647230148315,
    "final_d_loss": 0.48124104738235474,
    "train_data_exp_dir_path": "data/scp_train_data_norm",
    "generator": {
        "num_inputs": 2,
        "num_outputs": 2,
        "num_hidden_layers": 1,
        "neurons_per_hidden_layer": 64,
        "hidden_layer_activation_function": "relu",
        "final_layer_activation_function": null,
        "bias": true,
        "weights": [
            0.6278897523880005,
            0.5226544737815857,
            0.5806708335876465,
            1.1314585208892822,
            -0.8279126286506653,
            0.5365071892738342,
            -0.47639697790145874,
            -0.437179833650589,
            -0.5151950120925903,
            0.4823456406593323,
            -1.4889410734176636,
            0.8427948951721191,
            -0.5762631893157959,
            -0.4425392150878906,
            -0.8562259078025818,
            0.5268146395683289,
            -0.8912991285324097,
            -0.16851556301116943,
            -0.948652446269989,
            0.6978744268417358,
            0.2533037066459656,
            -0.46990785002708435,
            0.020058397203683853,
            -0.21298609673976898,
            1.0068172216415405,
            0.9023596048355103,
            -0.4553634226322174,
            -0.9154547452926636,
            -0.8023590445518494,
            -0.1599460393190384,
            0.19210506975650787,
            0.33475807309150696,
            1.3709558248519897,
            -0.6957216858863831,
            -0.9854479432106018,
            -0.13266633450984955,
            -0.8078511357307434,
            -0.381803959608078,
            0.2019408643245697,
            0.15976592898368835,
            -0.8860208988189697,
            0.47140729427337646,
            0.8146864175796509,
            -0.0005951892817392945,
            0.302764356136322,
            0.2396586686372757,
            -0.4349367320537567,
            -0.31597819924354553,
            -0.9801447987556458,
            -0.24267545342445374,
            -0.6951177716255188,
            -0.5246793627738953,
            0.3817160427570343,
            0.3937700092792511,
            -0.9367383122444153,
            0.5094037055969238,
            0.9807603359222412,
            -0.5210496783256531,
            1.1721800565719604,
            0.30038484930992126,
            -0.3099284768104553,
            1.4856204986572266,
            1.0627244710922241,
            -0.5162449479103088,
            -0.6107396483421326,
            -0.22300897538661957,
            0.15117835998535156,
            0.5234731435775757,
            -0.6626013517379761,
            0.3774251937866211,
            -0.8472611308097839,
            -0.4971676766872406,
            -0.8243899941444397,
            -0.0709512010216713,
            -1.0223357677459717,
            -0.13103385269641876,
            0.7802788615226746,
            0.705517053604126,
            0.8350154161453247,
            1.173119306564331,
            0.8628743290901184,
            1.3535290956497192,
            0.8014256358146667,
            0.20473147928714752,
            -1.6355533599853516,
            0.8928962349891663,
            -0.9624156951904297,
            0.19164742529392242,
            -0.24720589816570282,
            -0.7479909062385559,
            -0.11665487289428711,
            -0.3740817606449127,
            -0.4469107389450073,
            -0.28037065267562866,
            0.571495532989502,
            0.19138936698436737,
            0.664259672164917,
            0.6070166230201721,
            -1.1295783519744873,
            0.7232335209846497,
            0.717139720916748,
            0.9648825526237488,
            -0.8689829111099243,
            0.7908639311790466,
            1.219486951828003,
            -0.6444022059440613,
            -0.791602373123169,
            -0.41642284393310547,
            0.9695814251899719,
            -0.41737744212150574,
            -0.8973654508590698,
            -0.706128716468811,
            -0.9603527188301086,
            0.5348499417304993,
            -0.14004285633563995,
            0.21148017048835754,
            -1.042779803276062,
            0.6074638366699219,
            0.3522580564022064,
            -0.030355820432305336,
            1.0753517150878906,
            -0.5855017900466919,
            0.3111293613910675,
            0.16568590700626373,
            -1.4006057977676392,
            0.8140944838523865,
            1.1600227355957031,
            -0.618354320526123,
            1.3183397054672241,
            0.02971891313791275,
            0.8178326487541199,
            0.501600980758667,
            -1.605054497718811,
            -0.31043851375579834,
            0.6232771873474121,
            0.890696108341217,
            -0.2567935883998871,
            1.098624348640442,
            0.7221537828445435,
            0.7938112616539001,
            -1.0391179323196411,
            0.21541942656040192,
            -0.2266460806131363,
            1.0009037256240845,
            0.3375697433948517,
            -0.7070584297180176,
            0.6047190427780151,
            0.7061708569526672,
            0.6750450134277344,
            0.030021723359823227,
            1.048136591911316,
            0.4992959499359131,
            -0.1622036099433899,
            0.7581634521484375,
            1.3947644233703613,
            0.8570748567581177,
            0.2443477362394333,
            0.1960545927286148,
            -0.4558529555797577,
            -0.8739697933197021,
            0.7146327495574951,
            1.1974478960037231,
            0.664228618144989,
            -0.6560843586921692,
            0.09452296048402786,
            -0.4052121937274933,
            -0.8444872498512268,
            -0.6321473717689514,
            -0.5204529166221619,
            0.0957534909248352,
            -0.37546417117118835,
            -0.14006206393241882,
            0.7555928826332092,
            0.39189523458480835,
            -0.5685810446739197,
            1.0088766813278198,
            -0.7256885170936584,
            1.0263559818267822,
            -0.6156654953956604,
            0.8969286680221558,
            0.30242016911506653,
            0.6831666827201843,
            0.1907549351453781,
            0.43783038854599,
            0.8055075407028198,
            0.8893319964408875,
            0.95098876953125,
            1.1086101531982422,
            0.7630399465560913,
            0.9863734841346741,
            -0.8398714065551758,
            0.8359265923500061,
            -0.3548315465450287,
            -0.3724766969680786,
            -0.2816327214241028,
            -0.0948297381401062,
            -1.5284348726272583,
            -0.1803962141275406,
            -0.31186628341674805,
            -0.3183783292770386,
            0.206601083278656,
            -0.29858630895614624,
            -0.4177829623222351,
            0.01821890100836754,
            -0.37566354870796204,
            -0.35838133096694946,
            0.21230576932430267,
            -0.291757196187973,
            -0.27954086661338806,
            0.5820679068565369,
            -0.25912028551101685,
            -0.292484849691391,
            -0.03708745539188385,
            -0.4568359851837158,
            -0.11668071895837784,
            -0.3036244809627533,
            0.13753794133663177,
            -0.1790272742509842,
            -0.3431987464427948,
            -0.34110358357429504,
            -0.32302671670913696,
            -0.050052545964717865,
            0.22335201501846313,
            -0.2789333760738373,
            -0.12847569584846497,
            -0.2536492347717285,
            -0.3091670572757721,
            -0.28154048323631287,
            -0.5697826147079468,
            0.3531428873538971,
