{
    "num_epochs": 10000,
    "batch_size": 256,
    "final_g_loss": 0.7099733352661133,
    "final_d_loss": 0.7168591618537903,
    "generator_learning_rate": 0.0002,
    "discriminator_learning_rate": 0.0005,
    "train_data_exp_dir_path": [
        "/app/data/cmc_configs/cmc_train_data"
    ],
    "generator": {
        "num_inputs": 1,
        "num_outputs": 2,
        "num_hidden_layers": 1,
        "neurons_per_hidden_layer": 64,
        "hidden_layer_activation_function": "relu",
        "final_layer_activation_function": null,
        "bias": true,
        "weights": [
            1.3706363439559937,
            1.5363937616348267,
            -0.13317620754241943,
            1.447324514389038,
            1.69113290309906,
            0.08263608813285828,
            1.3342936038970947,
            0.1119857057929039,
            1.6546533107757568,
            -0.6817324757575989,
            -0.02684652805328369,
            -0.7408018708229065,
            0.5828686952590942,
            -0.38061293959617615,
            -0.8314406275749207,
            -1.6636310815811157,
            -0.19993053376674652,
            -1.596853256225586,
            1.249119758605957,
            -1.04385244846344,
            -1.1863418817520142,
            -0.8596566915512085,
            -1.3122843503952026,
            -1.1338682174682617,
            -1.235635757446289,
            1.653861165046692,
            0.6156235933303833,
            -1.6277786493301392,
            -0.49837595224380493,
            1.4698654413223267,
            1.5368428230285645,
            0.11591976135969162,
            -1.3940620422363281,
            2.082200050354004,
            1.4364089965820312,
            -0.48599764704704285,
            -0.1737043559551239,
            -0.23664753139019012,
            -1.5503026247024536,
            -1.3119137287139893,
            0.06319844722747803,
            0.11912581324577332,
            -0.003702065208926797,
            1.9224494695663452,
            -0.42161545157432556,
            0.6204057931900024,
            1.7064651250839233,
            -1.440319538116455,
            1.167895793914795,
            1.4146822690963745,
            -1.5498052835464478,
            0.04551804065704346,
            -0.9009677171707153,
            1.7643879652023315,
            2.045168876647949,
            1.4505665302276611,
            -1.6915197372436523,
            0.4050288498401642,
            -0.06856229156255722,
            -1.3778488636016846,
            0.9956192374229431,
            -1.4673666954040527,
            -1.620841145515442,
            0.10282016545534134,
            0.6003900170326233,
            0.6367765665054321,
            -0.7142159938812256,
            1.6402617692947388,
            0.08739608526229858,
            -0.37926068902015686,
            0.5610987544059753,
            1.8919646739959717,
            1.5065921545028687,
            1.8671406507492065,
            -0.7261626720428467,
            1.6883867979049683,
            1.3864409923553467,
            1.3360426425933838,
            1.324269413948059,
            0.12198731303215027,
            1.4085514545440674,
            0.313585102558136,
            1.3523977994918823,
            1.175567388534546,
            1.2610902786254883,
            1.4808937311172485,
            1.4319082498550415,
            1.3415119647979736,
            0.5212655663490295,
            0.7632208466529846,
            1.5731086730957031,
            1.5556142330169678,
            1.113836407661438,
            0.9412974715232849,
            0.7132824063301086,
            -0.5764546990394592,
            1.1340010166168213,
            1.6101396083831787,
            1.2845988273620605,
            1.7652088403701782,
            1.816386103630066,
            1.7748287916183472,
            1.1947588920593262,
            1.3427445888519287,
            -0.39472758769989014,
            -0.592477023601532,
            1.8600068092346191,
            1.4905749559402466,
            -0.16000385582447052,
            1.3823802471160889,
            0.5915027260780334,
            0.1532135307788849,
            1.0047074556350708,
            0.840895414352417,
            0.262599378824234,
            -0.5050743818283081,
            0.9654703140258789,
            0.8127976059913635,
            0.9059511423110962,
            0.6185102462768555,
            0.3070842921733856,
            1.3058135509490967,
            1.7938982248306274,
            0.5749011635780334,
            1.9602421522140503,
            0.3524792790412903,
            0.2964356243610382,
            1.771846890449524,
            -0.3943198025226593,
            -0.4854159951210022,
            -0.10178013145923615,
            0.11963240802288055,
            0.3412107229232788,
            -0.040826212614774704,
            -0.5343517065048218,
            0.06423802673816681,
            0.01929749734699726,
            -0.11722902953624725,
            -0.02852851152420044,
            -0.138505756855011,
            0.11456208676099777,
            0.0761677548289299,
            -0.05181248113512993,
            0.3405945599079132,
            0.09309349209070206,
            0.20166754722595215,
            0.06197265163064003,
            -0.10621888190507889,
            0.05830669403076172,
            -0.08850789815187454,
            0.0454365573823452,
            -0.14994117617607117,
            0.08497762680053711,
            -0.37640467286109924,
            0.18349729478359222,
            0.03474918752908707,
            -0.12419835478067398,
            -0.17913050949573517,
            -0.31004926562309265,
            -0.09493084996938705,
            -0.1038237065076828,
            -0.09424557536840439,
            -0.011106659658253193,
            -0.03117627277970314,
            0.03037121891975403,
            0.02661251462996006,
            -0.04499838128685951,
            -0.10319094359874725,
            0.04876384139060974,
            -0.03572395443916321,
            0.02515609748661518,
            -0.09117285162210464,
            -0.4146498441696167,
            0.17039291560649872,
            -0.03176194056868553,
            0.2696184515953064,
            -0.011787230148911476,
            -0.2570418417453766,
            0.3126106262207031,
            -0.08396323025226593,
            -0.1311006247997284,
            -0.49032068252563477,
            -0.536002516746521,
            -0.46779686212539673,
            0.28083497285842896,
            0.009096680209040642,
            0.01941756159067154,
            0.14519621431827545,
            0.24562518298625946,
            0.14127099514007568,
            0.2179587483406067,
            0.06941910088062286,
            0.9368763566017151,
            0.9025110006332397,
            0.0754912942647934,
            1.0063351392745972,
            0.8413081765174866,
            0.060986265540122986,
            0.9696261882781982,
            0.9563417434692383,
            0.9595167636871338,
            0.9398906826972961,
            -0.08416464924812317,
            0.9982775449752808,
            0.9652436971664429,
            0.9865964651107788,
            1.1052989959716797,
            0.761958658695221,
            1.0564836263656616,
            0.9969522953033447,
            1.0804075002670288,
            0.8486026525497437,
            1.0564024448394775,
            1.0057792663574219,
            1.0846920013427734,
            0.8561130166053772,
            1.063524603843689,
            0.909866213798523,
            1.1248689889907837,
            1.0453721284866333,
            0.9413071870803833,
            0.8987200260162354,
            1.0697576999664307,
            0.0518597736954689,
            0.9840278625488281,
            1.039891004562378,
            0.9972642660140991,
