{
    "num_epochs": 10000,
    "batch_size": 256,
    "final_loss": 14.09217357635498,
    "learning_rate": 0.001,
    "train_data_exp_dir_path": [
        "/app/data/cmc_configs/cmc_train_data"
    ],
    "encoder": {
        "num_inputs": 2,
        "num_outputs": 1,
        "num_hidden_layers": 1,
        "neurons_per_hidden_layer": 64,
        "hidden_layer_activation_function": "relu",
        "final_layer_activation_function": null,
        "bias": true,
        "weights": [
            -0.49357274174690247,
            0.28605887293815613,
            0.4120502471923828,
            -0.5923870801925659,
            -0.04271220043301582,
            0.4789297878742218,
            0.6473924517631531,
            0.4404461681842804,
            0.43187519907951355,
            -0.2898787558078766,
            0.4181523621082306,
            0.08838996291160583,
            -0.2539626657962799,
            -0.4679659903049469,
            -0.5620590448379517,
            -0.1873316913843155,
            0.1126670092344284,
            0.5358880162239075,
            0.2472342997789383,
            0.4327462911605835,
            -0.19321750104427338,
            -0.19213660061359406,
            -0.6693809628486633,
            0.5633344650268555,
            -0.3721065819263458,
            -0.5057792067527771,
            -0.2275208979845047,
            0.3337674140930176,
            -0.40931594371795654,
            -0.1679524928331375,
            0.05182229354977608,
            0.2539566457271576,
            0.26362213492393494,
            -0.485728919506073,
            -0.19826190173625946,
            0.16286860406398773,
            -0.5713427662849426,
            -0.37277209758758545,
            0.5607765913009644,
            0.6027215123176575,
            -0.5270015001296997,
            -0.2516789734363556,
            -0.4434109628200531,
            -0.33697593212127686,
            -0.2359198033809662,
            0.3948632478713989,
            0.6701540350914001,
            0.43070146441459656,
            0.3276386260986328,
            0.354576975107193,
            -0.27484390139579773,
            -0.17276254296302795,
            -0.5830572843551636,
            0.31159335374832153,
            -0.2874930799007416,
            -0.15092195570468903,
            0.5113222002983093,
            0.27202320098876953,
            0.6616519689559937,
            0.0034670806489884853,
            -0.1836279183626175,
            -0.5936402082443237,
            -0.20121127367019653,
            0.013033849187195301,
            -0.26748090982437134,
            -0.5163174271583557,
            -0.08789320290088654,
            -0.5412972569465637,
            -0.029421955347061157,
            -0.5216066241264343,
            0.6337677836418152,
            0.03847971931099892,
            -0.5694345235824585,
            -0.5179452896118164,
            0.6402084827423096,
            -0.5373395085334778,
            -0.42532163858413696,
            -0.45801737904548645,
            0.5953188538551331,
            0.13026461005210876,
            -0.5763257145881653,
            0.03682315722107887,
            -0.1958296000957489,
            0.2443978488445282,
            -0.08851141482591629,
            -0.5802215933799744,
            0.20824496448040009,
            -0.6138471961021423,
            -0.29911959171295166,
            0.14815068244934082,
            0.07603788375854492,
            -0.45950591564178467,
            -0.240619957447052,
            0.01003054529428482,
            -0.6902657151222229,
            0.06476515531539917,
            0.0919160395860672,
            -0.5247673392295837,
            -0.6091786623001099,
            -0.005857664626091719,
            -0.15941275656223297,
            0.1339830458164215,
            -0.04733698442578316,
            -0.008269636891782284,
            0.36915719509124756,
            0.5469558835029602,
            0.35135120153427124,
            -0.31765827536582947,
            0.4031013548374176,
            0.2833299934864044,
            0.16503483057022095,
            -0.6364038586616516,
            0.3577684164047241,
            -0.599308967590332,
            -0.14338156580924988,
            0.007086946628987789,
            0.4590998888015747,
            0.1338050365447998,
            -0.06560467928647995,
            -0.012242765165865421,
            -0.05796857178211212,
            0.2823045551776886,
            -0.5185604095458984,
            0.14233002066612244,
            -0.02662399597465992,
            -0.2699234187602997,
            0.4166891276836395,
            0.38197752833366394,
            -0.6563785076141357,
            0.2619536221027374,
            0.4341864287853241,
            0.03434604033827782,
            0.588211715221405,
            -0.5785714983940125,
            0.4729788303375244,
            -0.2661946713924408,
            -0.288341760635376,
            -0.32617372274398804,
            0.6970310807228088,
            -0.4694899022579193,
            -0.4728463292121887,
            0.4897103011608124,
            -0.46401891112327576,
            -0.7017250657081604,
            0.030045222491025925,
            3.203582286834717,
            -0.4229535758495331,
            -0.3191709518432617,
            -0.01314475852996111,
            -0.38104796409606934,
            0.19829176366329193,
            0.2154502421617508,
            0.10425076633691788,
            0.45998430252075195,
            -0.7220166921615601,
            0.10394103825092316,
            -0.39543282985687256,
            0.36416223645210266,
            -0.007366172969341278,
            0.6112542748451233,
            -0.6145246624946594,
            0.28159287571907043,
            -0.03375254571437836,
            -0.18481838703155518,
            0.5437402129173279,
            0.23732341825962067,
            0.18037055432796478,
            0.6996402740478516,
            -0.08742068707942963,
            0.2001093178987503,
            -0.6369873881340027,
            -0.3630627393722534,
            0.09127403050661087,
            -0.08913982659578323,
            -0.3166030943393707,
            0.019221393391489983,
            -0.2034277468919754,
            0.024291571229696274,
            0.10251785069704056,
            0.05789073184132576,
            -0.5084429383277893,
            -0.4016641080379486,
            -0.05814341828227043,
            0.2757522463798523,
            -0.3179677128791809,
            -1.3049485683441162,
            0.20335586369037628,
            3.213728189468384,
            -0.09093159437179565,
            -0.08472871035337448,
            0.46639853715896606,
            -0.2463892698287964,
            0.03093741275370121,
            0.11645239591598511,
            0.07889886945486069,
            -0.1305849701166153,
            -0.10366889834403992,
            -0.07977353036403656,
            -0.035087794065475464,
            -0.07446977496147156,
            -0.12463869899511337,
            0.022943440824747086,
            0.11539945006370544,
            -0.08426216244697571,
            -0.03390190005302429,
            0.05723177641630173,
            0.10067827999591827,
            0.08484172821044922,
            -0.020579755306243896,
            -0.41577252745628357,
            0.11444872617721558,
            -0.040545880794525146,
            -0.04152339696884155,
            -0.017116278409957886,
            0.07315119355916977,
            0.025711392983794212,
            0.06114782392978668,
            0.08984352648258209,
            0.026617256924510002,
            -0.10881845653057098,
            -0.058580055832862854,
            -0.01578163169324398,
            -0.015509814023971558,
            0.02517065405845642,
            -0.04009748995304108,
            0.06846335530281067,
