{
    "num_epochs": 20000,
    "batch_size": 1000,
    "final_loss": 131305336.0,
    "train_data_exp_dir_path": [
        "/app/data/cmc_configs/cmc_train_data"
    ],
    "encoder": {
        "num_inputs": 2,
        "num_outputs": 2,
        "num_hidden_layers": 0,
        "neurons_per_hidden_layer": 0,
        "hidden_layer_activation_function": "relu",
        "final_layer_activation_function": null,
        "bias": true,
        "weights": [
            -0.10245034843683243,
            -0.20548294484615326,
            0.12754182517528534,
            -0.200045645236969,
            0.30104860663414,
            0.0710320919752121
        ]
    },
    "decoder": {
        "num_inputs": 2,
        "num_outputs": 2,
        "num_hidden_layers": 0,
        "neurons_per_hidden_layer": 0,
        "hidden_layer_activation_function": "relu",
        "final_layer_activation_function": null,
        "bias": true,
        "weights": [
            -0.07247032970190048,
            0.38572829961776733,
            -0.38807815313339233,
            -1.3346515893936157,
            0.1352841705083847,
            0.03151213750243187
        ]
    }
}