{
    "num_epochs": 10000,
    "batch_size": 256,
    "final_loss": 14.931001663208008,
    "learning_rate": 0.001,
    "train_data_exp_dir_path": [
        "/app/data/cmc_configs/cmc_train_data"
    ],
    "encoder": {
        "num_inputs": 2,
        "num_outputs": 1,
        "num_hidden_layers": 1,
        "neurons_per_hidden_layer": 64,
        "hidden_layer_activation_function": "relu",
        "final_layer_activation_function": null,
        "bias": true,
        "weights": [
            0.3691656291484833,
            0.5626328587532043,
            0.6950685977935791,
            -0.12670834362506866,
            0.6183441877365112,
            -0.38482415676116943,
            0.40986940264701843,
            -0.2477029263973236,
            0.26624855399131775,
            -0.05632193014025688,
            0.2522794306278229,
            0.20786626636981964,
            0.026684096083045006,
            -0.3897760808467865,
            -0.5995365381240845,
            0.4694788157939911,
            -0.5033136010169983,
            0.6357434988021851,
            -0.25077301263809204,
            0.4105457663536072,
            -0.42316004633903503,
            0.6700714230537415,
            0.034257374703884125,
            0.1703667938709259,
            -0.38451656699180603,
            -0.26197561621665955,
            0.3443096876144409,
            0.25663530826568604,
            0.6275666356086731,
            0.5525655150413513,
            0.14649398624897003,
            0.6731967329978943,
            -0.6761706471443176,
            -0.37664759159088135,
            -0.08954401314258575,
            -0.24304704368114471,
            -0.23567119240760803,
            0.3728801906108856,
            -0.35146063566207886,
            -0.29470711946487427,
            -0.4643184244632721,
            -0.45835548639297485,
            -0.7767015099525452,
            0.44915494322776794,
            -0.05169405788183212,
            0.42831674218177795,
            -0.18415836989879608,
            -0.5890620350837708,
            0.3779509663581848,
            0.499286949634552,
            0.48253563046455383,
            -0.49155327677726746,
            0.014171231538057327,
            0.5548194646835327,
            -0.378364622592926,
            0.39979323744773865,
            0.5277066230773926,
            0.396732360124588,
            0.012640748172998428,
            0.6610808372497559,
            0.6004165410995483,
            -0.03578529506921768,
            -0.20897738635540009,
            -0.5648288130760193,
            0.0026297103613615036,
            -0.42575135827064514,
            0.24852941930294037,
            -0.6057865023612976,
            -0.1853620857000351,
            -0.3177725672721863,
            -0.053267378360033035,
            -0.6126782894134521,
            -0.07037141174077988,
            -0.6605086922645569,
            -0.14799916744232178,
            -0.4344847798347473,
            -0.38703402876853943,
            0.6315081715583801,
            0.5212818384170532,
            0.19027705490589142,
            0.3514764904975891,
            0.4991227090358734,
            0.6636306643486023,
            -0.37590545415878296,
            0.02200155518949032,
            0.027332747355103493,
            -0.5221099257469177,
            -0.3381063938140869,
            0.5618851780891418,
            -0.6390319466590881,
            -0.29924044013023376,
            -0.5455483794212341,
            0.47991040349006653,
            -0.22381433844566345,
            -0.13758613169193268,
            0.5117906928062439,
            0.08753196895122528,
            0.5557164549827576,
            -0.41363295912742615,
            0.1225905641913414,
            -0.05948171019554138,
            0.5596281886100769,
            -0.506077229976654,
            0.1794971227645874,
            -0.513620138168335,
            -0.14282800257205963,
            -0.6064152121543884,
            0.5938940048217773,
            -0.34455814957618713,
            -0.07642071694135666,
            0.5436147451400757,
            -0.6515719890594482,
            0.0843120887875557,
            0.627203106880188,
            0.2518860697746277,
            -0.05516128987073898,
            -0.5242159962654114,
            -0.3701431453227997,
            0.4244481027126312,
            -0.3851557672023773,
            -0.6765145659446716,
            -0.5667340755462646,
            -0.39174097776412964,
            -0.11033610999584198,
            0.509242594242096,
            -0.03695553541183472,
            -0.12396357208490372,
            -0.6021588444709778,
            1.2337868213653564,
            0.4273437559604645,
            0.21318255364894867,
            -0.14429613947868347,
            -0.6158623099327087,
            0.7301937937736511,
            -0.12739019095897675,
            -0.053035251796245575,
            -0.2703661322593689,
            -1.1619914770126343,
            0.9831950068473816,
            0.5077882409095764,
            -0.634640634059906,
            -0.9768356680870056,
            0.1423143446445465,
            -0.11470020562410355,
            -0.6277972459793091,
            0.2397622913122177,
            0.13399122655391693,
            -0.2869515120983124,
            0.12532120943069458,
            -0.049097102135419846,
            -0.9553913474082947,
            -0.5779243111610413,
            -1.0194942951202393,
            0.5326997637748718,
            0.8946153521537781,
            0.6347716450691223,
            -0.018032263964414597,
            0.20359426736831665,
            0.2242782711982727,
            -0.029699787497520447,
            0.5400349497795105,
            -0.2114141583442688,
            0.5568525791168213,
            0.41071638464927673,
            0.03974371775984764,
            0.6578900218009949,
            -0.6354295611381531,
            -0.8816003799438477,
            -0.801885187625885,
            0.022925356402993202,
            -1.0849043130874634,
            0.6196137070655823,
            -0.025570156052708626,
            -0.4859650433063507,
            -0.623500645160675,
            -1.0696345567703247,
            -0.8339539170265198,
            0.44060876965522766,
            -0.6512913107872009,
            -0.4830344319343567,
            0.4278216063976288,
            -0.033643048256635666,
            -0.5722833871841431,
            -0.2245195508003235,
            1.2525699138641357,
            -0.09783969074487686,
            0.6077861189842224,
            -0.34896376729011536,
            0.5872422456741333,
            0.4685973525047302,
            0.018310192972421646,
            0.14115788042545319,
            -0.11583909392356873,
            -0.10994260013103485,
            -0.007240012288093567,
            0.02396787703037262,
            -0.03874467313289642,
            -0.10488724708557129,
            -0.0760178416967392,
            -0.04614562168717384,
            0.02616218477487564,
            0.09644715487957001,
            -0.08350327610969543,
            -0.023599985986948013,
            -0.10499429702758789,
            0.04898335412144661,
            -0.03130564093589783,
            0.0825091078877449,
            0.09966172277927399,
            -0.04544118046760559,
            -0.04402279481291771,
            -0.06850951910018921,
            -0.04618211090564728,
            0.0747045949101448,
            0.059539660811424255,
            -0.045175909996032715,
            0.11473511904478073,
            0.02734215557575226,
            -0.1215551346540451,
            -0.09999590367078781,
            0.009608874097466469,
            -0.06438452750444412,
            -0.026652367785573006,
            0.09119641780853271,
            -0.07072864472866058,
            0.019971683621406555,
            -0.09273110330104828,
