{
    "num_epochs": 20000,
    "batch_size": 1000,
    "final_loss": 12.97545051574707,
    "train_data_exp_dir_path": [
        "/app/data/cmc_configs/cmc_train_data"
    ],
    "encoder": {
        "num_inputs": 2,
        "num_outputs": 2,
        "num_hidden_layers": 0,
        "neurons_per_hidden_layer": 0,
        "hidden_layer_activation_function": "relu",
        "final_layer_activation_function": null,
        "bias": true,
        "weights": [
            -0.37020039558410645,
            -0.2851942777633667,
            0.09436795115470886,
            0.6086646914482117,
            0.22603102028369904,
            -1.1602569818496704
        ]
    },
    "decoder": {
        "num_inputs": 2,
        "num_outputs": 2,
        "num_hidden_layers": 0,
        "neurons_per_hidden_layer": 0,
        "hidden_layer_activation_function": "relu",
        "final_layer_activation_function": null,
        "bias": true,
        "weights": [
            -4.493030548095703,
            4.891665935516357,
            -9.743433952331543,
            -12.094050407409668,
            1.7821662425994873,
            13.447479248046875
        ]
    }
}