{
    "num_epochs": 20000,
    "batch_size": 1000,
    "final_loss": 12.739495277404785,
    "train_data_exp_dir_path": [
        "/app/data/cmc_configs/cmc_train_data"
    ],
    "encoder": {
        "num_inputs": 2,
        "num_outputs": 2,
        "num_hidden_layers": 0,
        "neurons_per_hidden_layer": 0,
        "hidden_layer_activation_function": "relu",
        "final_layer_activation_function": null,
        "bias": true,
        "weights": [
            -0.1445312201976776,
            -0.17079228162765503,
            0.0849120244383812,
            -0.1371113359928131,
            1.4713395833969116,
            -0.2931297719478607
        ]
    },
    "decoder": {
        "num_inputs": 2,
        "num_outputs": 2,
        "num_hidden_layers": 0,
        "neurons_per_hidden_layer": 0,
        "hidden_layer_activation_function": "relu",
        "final_layer_activation_function": null,
        "bias": true,
        "weights": [
            5.556856632232666,
            3.5493500232696533,
            -9.627241134643555,
            12.583382606506348,
            -0.13768520951271057,
            13.370380401611328
        ]
    }
}