{
    "num_epochs": 20000,
    "batch_size": 1000,
    "final_loss": 16.095338821411133,
    "train_data_exp_dir_path": [
        "/app/data/cmc_configs/cmc_train_data"
    ],
    "encoder": {
        "num_inputs": 2,
        "num_outputs": 2,
        "num_hidden_layers": 0,
        "neurons_per_hidden_layer": 0,
        "hidden_layer_activation_function": "relu",
        "final_layer_activation_function": null,
        "bias": true,
        "weights": [
            -0.22050389647483826,
            -0.44850894808769226,
            -0.37875738739967346,
            -0.2126435786485672,
            0.021007562056183815,
            -0.28252798318862915
        ]
    },
    "decoder": {
        "num_inputs": 2,
        "num_outputs": 2,
        "num_hidden_layers": 0,
        "neurons_per_hidden_layer": 0,
        "hidden_layer_activation_function": "relu",
        "final_layer_activation_function": null,
        "bias": true,
        "weights": [
            0.20170840620994568,
            3.475918769836426,
            -12.542620658874512,
            -1.231873631477356,
            0.3390989601612091,
            14.581870079040527
        ]
    }
}