{
    "num_epochs": 10000,
    "batch_size": 256,
    "final_loss": 14.77809476852417,
    "learning_rate": 0.001,
    "train_data_exp_dir_path": [
        "/app/data/cmc_configs/cmc_train_data"
    ],
    "encoder": {
        "num_inputs": 2,
        "num_outputs": 1,
        "num_hidden_layers": 1,
        "neurons_per_hidden_layer": 64,
        "hidden_layer_activation_function": "relu",
        "final_layer_activation_function": null,
        "bias": true,
        "weights": [
            0.5719316005706787,
            0.4049956202507019,
            -0.24359267950057983,
            -0.629056990146637,
            0.126465305685997,
            0.3460831046104431,
            -0.16937832534313202,
            -0.29498428106307983,
            -0.4937308430671692,
            0.2872844636440277,
            0.6753301620483398,
            -0.12889990210533142,
            -0.5077745914459229,
            -0.6403083801269531,
            0.1253950595855713,
            0.586642324924469,
            0.4848999083042145,
            -0.42370083928108215,
            -0.48196592926979065,
            0.6481824517250061,
            -0.5428847074508667,
            0.08607393503189087,
            0.09215037524700165,
            -0.10376081615686417,
            -0.38126686215400696,
            0.20755279064178467,
            -0.2487225979566574,
            0.3387013375759125,
            0.38626137375831604,
            -0.5511316657066345,
            0.6651882529258728,
            0.5108411908149719,
            -0.6676239967346191,
            -0.4445696771144867,
            0.021806279197335243,
            0.0808190405368805,
            0.4994543790817261,
            -0.3926149904727936,
            -0.4807926118373871,
            0.4860253930091858,
            -0.42041951417922974,
            -0.4552173912525177,
            0.4664052724838257,
            -0.01280384324491024,
            0.08273544162511826,
            -0.27765804529190063,
            0.4608384966850281,
            0.49352210760116577,
            0.4843308627605438,
            0.6402661204338074,
            -0.14416682720184326,
            -0.16848169267177582,
            0.478716105222702,
            -0.20021682977676392,
            0.6456586718559265,
            -0.1250147968530655,
            0.2536872625350952,
            -0.2628379464149475,
            0.6973447203636169,
            -0.33341333270072937,
            0.3676958978176117,
            -0.027608796954154968,
            0.8100417256355286,
            0.3217697739601135,
            -0.10369279235601425,
            -0.25307193398475647,
            -0.4059215188026428,
            0.518386960029602,
            -0.3395916521549225,
            0.643066942691803,
            -0.4975733160972595,
            -0.11405579000711441,
            0.30481603741645813,
            -0.2922607362270355,
            0.4013698399066925,
            -0.10972164571285248,
            0.4152996838092804,
            -0.36699265241622925,
            0.7091407179832458,
            0.11737991124391556,
            0.21906690299510956,
            0.07709522545337677,
            0.28771689534187317,
            -0.567704975605011,
            -0.3713001608848572,
            -0.425293892621994,
            -0.639360249042511,
            -0.22299475967884064,
            -0.43485063314437866,
            0.40991002321243286,
            0.11450154334306717,
            0.3749525845050812,
            0.5940517783164978,
            0.42039817571640015,
            -0.4226277768611908,
            0.215196892619133,
            0.6680060625076294,
            -0.20860126614570618,
            0.470546156167984,
            0.11869962513446808,
            0.4827635884284973,
            0.03040299005806446,
            0.3870573341846466,
            -0.06153372302651405,
            0.33063846826553345,
            -0.5890616178512573,
            -0.14666302502155304,
            -0.675571084022522,
            -0.2009589821100235,
            0.18913182616233826,
            -0.23731136322021484,
            -0.5824518203735352,
            0.803219735622406,
            0.12882362306118011,
            -0.44412991404533386,
            -0.45240652561187744,
            -0.15996423363685608,
            0.4298878610134125,
            0.1457449346780777,
            0.5481795072555542,
            -0.2203739583492279,
            -0.06124627962708473,
            0.47400787472724915,
            0.2488085776567459,
            -0.5807162523269653,
            0.1513095498085022,
            0.12492889910936356,
            0.2647400200366974,
            1.285097599029541,
            0.1494808793067932,
            0.45943161845207214,
            -0.4675191342830658,
            -1.5830799341201782,
            0.30357304215431213,
            0.3833981454372406,
            0.46211469173431396,
            0.6416736841201782,
            -0.7445729374885559,
            1.4202531576156616,
            0.6576877236366272,
            1.4307583570480347,
            -0.7586751580238342,
            0.10546903312206268,
            0.32725992798805237,
            0.17288342118263245,
            -1.6672462224960327,
            0.2621033191680908,
            0.9359112977981567,
            0.33714720606803894,
            -0.7943939566612244,
            -0.6594887375831604,
            -0.5315839648246765,
            -1.200451135635376,
            0.10170523077249527,
            0.45461276173591614,
            -0.5779920220375061,
            0.4302673935890198,
            0.5876785516738892,
            0.195194810628891,
            -1.4020427465438843,
            0.22973302006721497,
            1.4644981622695923,
            -0.24539190530776978,
            -0.5778918862342834,
            0.36300355195999146,
            -0.15321703255176544,
            0.012805813923478127,
            -1.0153579711914062,
            -1.3367104530334473,
            -0.13183213770389557,
            -0.3068819046020508,
            0.6630441546440125,
            -1.5403456687927246,
            -1.1136314868927002,
            -1.3511548042297363,
            1.3814921379089355,
            0.5031504034996033,
            -0.6038856506347656,
            -0.3581017255783081,
            -0.18716581165790558,
            -0.5999449491500854,
            -0.07997845113277435,
            -1.1286364793777466,
            0.28417646884918213,
            0.2511844336986542,
            -0.679887592792511,
            0.34384873509407043,
            1.004930019378662,
            0.5494216680526733,
            0.49127626419067383,
            -0.45919764041900635,
            1.3507837057113647,
            -0.10404979437589645,
            -0.07739001512527466,
            -0.022792037576436996,
            -0.05036012828350067,
            0.1352820098400116,
            -0.0863664448261261,
            0.0037468820810317993,
            -0.0667438805103302,
            0.0392284095287323,
            0.0832953080534935,
            -0.08767847716808319,
            0.09332649409770966,
            -0.099106565117836,
            0.0562860406935215,
            -0.030619770288467407,
            -0.051463913172483444,
            -0.0020669400691986084,
            0.23115889728069305,
            -0.07171520590782166,
            -0.06685236096382141,
            -0.10770367085933685,
            0.04654872417449951,
            -0.10749022662639618,
            0.09987848997116089,
            0.09755552560091019,
            -0.03628057241439819,
            0.1218365728855133,
            0.008008897304534912,
            -0.004746988415718079,
            0.11292308568954468,
            -0.010765647515654564,
            0.017057886347174644,
            0.1054607480764389,
            -0.04498383775353432,
            0.06629054248332977,
            0.040481675416231155,
