{
    "num_epochs": 10000,
    "batch_size": 256,
    "final_loss": 14.812948942184448,
    "learning_rate": 0.001,
    "train_data_exp_dir_path": [
        "/app/data/cmc_configs/cmc_train_data"
    ],
    "encoder": {
        "num_inputs": 2,
        "num_outputs": 1,
        "num_hidden_layers": 1,
        "neurons_per_hidden_layer": 64,
        "hidden_layer_activation_function": "relu",
        "final_layer_activation_function": null,
        "bias": true,
        "weights": [
            -0.4901905059814453,
            -0.6661569476127625,
            0.5058408379554749,
            -0.6368744373321533,
            -0.692012369632721,
            -0.21356195211410522,
            0.41064366698265076,
            0.28743958473205566,
            -0.37811070680618286,
            0.6643985509872437,
            -0.13840752840042114,
            0.5056129693984985,
            -0.4318888485431671,
            0.4690202474594116,
            -0.19517706334590912,
            0.547067403793335,
            0.6948992013931274,
            -0.3871402144432068,
            -0.3983396291732788,
            -0.6936002969741821,
            -0.1729160100221634,
            0.3524591624736786,
            0.6466069221496582,
            -0.6375476717948914,
            0.08884216099977493,
            0.2914906144142151,
            0.13051737844944,
            0.5993613004684448,
            -0.0012457765405997634,
            -0.33845266699790955,
            -0.12858714163303375,
            0.04382816702127457,
            0.528060257434845,
            0.6867841482162476,
            0.27337339520454407,
            -0.16195431351661682,
            -0.29614439606666565,
            0.6847223043441772,
            0.18686048686504364,
            -0.6201277375221252,
            0.021303873509168625,
            0.0052187079563736916,
            0.18282964825630188,
            -0.1276131570339203,
            0.09622621536254883,
            0.039605140686035156,
            0.09665056318044662,
            -0.3851238191127777,
            0.27917587757110596,
            0.11937561631202698,
            0.5174453258514404,
            0.34947875142097473,
            0.5746232867240906,
            -0.48332345485687256,
            -0.46305471658706665,
            0.07167910784482956,
            -0.040918488055467606,
            -0.008294879458844662,
            -0.2185344398021698,
            0.2360192984342575,
            0.028636150062084198,
            0.06449718773365021,
            0.2932128608226776,
            0.323000431060791,
            -0.12674273550510406,
            -0.6869755983352661,
            -0.6244482398033142,
            0.26362287998199463,
            -0.093135766685009,
            -0.2792505919933319,
            0.400495707988739,
            -0.3941815197467804,
            0.1429518163204193,
            0.5373696088790894,
            -0.23742921650409698,
            -0.7065955996513367,
            -0.5316864252090454,
            -0.6318381428718567,
            0.4437442421913147,
            0.11289039254188538,
            0.40377095341682434,
            0.5970920324325562,
            -0.10005434602499008,
            0.02764367312192917,
            -0.2584829032421112,
            -0.6348695158958435,
            0.06831043213605881,
            -0.5546500086784363,
            0.12034324556589127,
            0.28195682168006897,
            0.38655394315719604,
            -0.2841132581233978,
            0.6217233538627625,
            0.34252089262008667,
            0.1794033795595169,
            0.05234792083501816,
            -0.4454251527786255,
            -0.2248348891735077,
            -0.07036056369543076,
            0.5193308591842651,
            -0.08572163432836533,
            -0.5872116088867188,
            0.08754456788301468,
            -0.17960643768310547,
            0.32424911856651306,
            0.4791880249977112,
            0.5590003132820129,
            -0.6586411595344543,
            -0.118418388068676,
            0.04699578881263733,
            0.054676663130521774,
            0.3261503279209137,
            -0.2949400246143341,
            -0.5058522820472717,
            -0.24355584383010864,
            0.37090224027633667,
            0.37087294459342957,
            0.44678962230682373,
            0.5861234068870544,
            -0.07772131264209747,
            0.2113947570323944,
            -0.29039978981018066,
            -0.6871734857559204,
            0.556571364402771,
            0.3253929018974304,
            0.5627726316452026,
            0.6802103519439697,
            -0.44955235719680786,
            -0.3866039216518402,
            0.47598931193351746,
            0.5447158813476562,
            -1.4442918300628662,
            0.32034119963645935,
            -0.30153003334999084,
            0.6589819192886353,
            1.5072535276412964,
            0.20795641839504242,
            0.37169507145881653,
            -0.4081661105155945,
            0.628762423992157,
            -0.9233126044273376,
            1.1682605743408203,
            -0.1657070815563202,
            0.8847216963768005,
            0.5923586487770081,
            0.18697960674762726,
            -0.9472575783729553,
            -0.20687535405158997,
            -0.6941301226615906,
            -0.24314583837985992,
            -0.8615434169769287,
            -0.2397899329662323,
            0.9502329230308533,
            -1.5239226818084717,
            -0.6546880602836609,
            1.18148672580719,
            -0.19266590476036072,
            -1.186495304107666,
            0.8915004730224609,
            -1.0333682298660278,
            -0.5524184107780457,
            -1.5565006732940674,
            0.1728251725435257,
            0.3857046961784363,
            0.18378576636314392,
            0.12100183218717575,
            0.689818799495697,
            -0.5997141003608704,
            -1.493057370185852,
            -0.8378169536590576,
            0.4412206709384918,
            -0.02603958733379841,
            0.7164290547370911,
            -0.49053722620010376,
            1.385454535484314,
            -0.5716346502304077,
            0.08642000705003738,
            0.2724114954471588,
            -0.23352262377738953,
            0.5882034301757812,
            -1.4545756578445435,
            0.05385676026344299,
            -1.5143054723739624,
            0.8693704605102539,
            -0.5890395641326904,
            -0.866696298122406,
            -0.5569669604301453,
            -0.07639967650175095,
            -0.7009984254837036,
            1.0455201864242554,
            1.5611857175827026,
            0.07360238581895828,
            0.004676297307014465,
            -0.07818011939525604,
            0.05916830897331238,
            -0.06369282305240631,
            0.0696374773979187,
            -0.07582987844944,
            0.08218342065811157,
            0.0359262116253376,
            -0.06720010936260223,
            0.03359641134738922,
            -0.055633142590522766,
            -0.06389813125133514,
            -0.09430765360593796,
            0.04207615554332733,
            0.00040984153747558594,
            0.06997295469045639,
            0.11306102573871613,
            0.02717551589012146,
            -0.10649143159389496,
            0.11781013011932373,
            0.06520963460206985,
            -0.10405309498310089,
            -0.14107613265514374,
            -0.1050599217414856,
            0.10293982923030853,
            -0.10994545370340347,
            0.11433443427085876,
            0.05696217343211174,
            0.05746643245220184,
            -0.10497474670410156,
            0.12310634553432465,
            -0.104341521859169,
            -0.08368073403835297,
            -0.1362956315279007,
            -0.042791351675987244,
            -0.017626702785491943,
