{
    "num_epochs": 10000,
    "batch_size": 256,
    "final_loss": 14.185367107391357,
    "learning_rate": 0.001,
    "train_data_exp_dir_path": [
        "/app/data/cmc_configs/cmc_train_data"
    ],
    "encoder": {
        "num_inputs": 2,
        "num_outputs": 1,
        "num_hidden_layers": 1,
        "neurons_per_hidden_layer": 64,
        "hidden_layer_activation_function": "relu",
        "final_layer_activation_function": null,
        "bias": true,
        "weights": [
            0.3958846628665924,
            0.5902394652366638,
            0.5576589703559875,
            0.6385324597358704,
            0.08824993669986725,
            -0.10531646013259888,
            0.1126159280538559,
            0.6079084277153015,
            0.0035940303932875395,
            -0.5198639035224915,
            -0.47367528080940247,
            -0.6247578263282776,
            -0.4289616346359253,
            0.2595118582248688,
            0.1562550961971283,
            0.5314506888389587,
            -0.3008718490600586,
            -0.27726876735687256,
            -0.5648141503334045,
            -0.17903634905815125,
            -0.060878001153469086,
            -0.5100878477096558,
            0.045624300837516785,
            -0.2603808641433716,
            -0.6949567794799805,
            -0.6643881797790527,
            0.15492956340312958,
            0.2089342325925827,
            0.008037617430090904,
            -0.0029856774490326643,
            -0.6767392754554749,
            -0.5326749682426453,
            0.3326765298843384,
            -0.6238687634468079,
            0.0630316212773323,
            -0.45050057768821716,
            0.24575002491474152,
            -0.006515638902783394,
            0.5450748205184937,
            0.3526487946510315,
            -0.5321323871612549,
            -0.4645419716835022,
            0.701582670211792,
            0.5454332232475281,
            0.05184644088149071,
            -0.3598048686981201,
            -0.5805076956748962,
            -0.6403524279594421,
            -0.2790467143058777,
            -0.0799894779920578,
            -0.46734312176704407,
            -0.5938673615455627,
            0.0988330990076065,
            0.014770157635211945,
            -0.5909993052482605,
            -0.44301074743270874,
            0.008096493780612946,
            -0.4330219328403473,
            -0.3539421558380127,
            0.2232653796672821,
            0.5789198279380798,
            0.500761866569519,
            -0.5063195824623108,
            0.39355602860450745,
            -0.017320601269602776,
            0.012623223476111889,
            0.0600891150534153,
            0.055307537317276,
            0.6042315363883972,
            0.60586017370224,
            0.6197465658187866,
            -0.10450344532728195,
            -0.2447047382593155,
            0.4530600309371948,
            -0.36638298630714417,
            0.21218495070934296,
            0.2250928431749344,
            0.659197211265564,
            0.5609480738639832,
            0.2078835666179657,
            0.6858394145965576,
            0.2411562204360962,
            0.5657062530517578,
            0.2687039375305176,
            0.1428462713956833,
            0.017698585987091064,
            -0.17689529061317444,
            0.5968353748321533,
            -0.6766354441642761,
            0.17484942078590393,
            0.22565515339374542,
            0.19131022691726685,
            -0.20345903933048248,
            0.40042978525161743,
            -0.67076575756073,
            -0.1489153504371643,
            0.09587520360946655,
            0.13289004564285278,
            -0.28764286637306213,
            -0.4492010176181793,
            0.029304787516593933,
            -0.5279764533042908,
            0.009245838038623333,
            -0.20003636181354523,
            -0.1832956224679947,
            0.3569278120994568,
            -0.3358471691608429,
            -0.2642616629600525,
            -0.1380845308303833,
            -0.3187394142150879,
            -0.056278105825185776,
            -0.021019067615270615,
            0.4789772033691406,
            0.5587698221206665,
            -0.1838270127773285,
            -0.5630706548690796,
            -0.4709637463092804,
            0.05450371280312538,
            0.12833669781684875,
            0.04977577552199364,
            -0.08883577585220337,
            -0.309781014919281,
            0.21355310082435608,
            -0.020382890477776527,
            0.636240541934967,
            -0.6564728021621704,
            0.3638826012611389,
            0.17883552610874176,
            -1.3926746845245361,
            -1.2352865934371948,
            0.06956177204847336,
            1.5492967367172241,
            -0.6698724627494812,
            0.20932897925376892,
            1.418590784072876,
            -0.5267332196235657,
            0.08484421670436859,
            -0.20116353034973145,
            0.581802487373352,
            0.06065327674150467,
            0.2517003118991852,
            0.9049673080444336,
            0.7223973274230957,
            0.18358787894248962,
            -0.2583942413330078,
            -0.10735215246677399,
            -0.4438774287700653,
            0.8968409299850464,
            0.5601446628570557,
            -0.7412890791893005,
            -0.5602265000343323,
            -0.3925841450691223,
            0.26122957468032837,
            -0.2953588664531708,
            0.7846619486808777,
            -0.5449879169464111,
            0.27209094166755676,
            -1.0903949737548828,
            0.6702075004577637,
            1.5738639831542969,
            -0.7838624119758606,
            1.0420769453048706,
            1.0012714862823486,
            -0.20635788142681122,
            -0.6357513070106506,
            0.5511134266853333,
            -0.8896756172180176,
            1.4700897932052612,
            -0.5001915693283081,
            -0.24004943668842316,
            1.642374038696289,
            -0.9019545912742615,
            -1.569318413734436,
            0.13906045258045197,
            -1.4429820775985718,
            -0.7983177304267883,
            -0.4574483036994934,
            0.6103851199150085,
            -0.4678395390510559,
            -0.30512893199920654,
            1.5718801021575928,
            -0.457722932100296,
            -0.6119892001152039,
            0.23702748119831085,
            1.4364956617355347,
            -0.3585295081138611,
            1.6441376209259033,
            1.1089835166931152,
            -0.6955490112304688,
            -0.14783799648284912,
            -0.47906678915023804,
            -0.78721684217453,
            -0.09633608162403107,
            -0.0732489600777626,
            0.09240731596946716,
            0.11106092482805252,
            0.03643400967121124,
            0.018467888236045837,
            0.11357897520065308,
            -0.09735537320375443,
            0.031312599778175354,
            -0.11086168885231018,
            -0.00405314564704895,
            0.09061340987682343,
            -0.1026725023984909,
            0.03666936233639717,
            0.23340804874897003,
            -0.06304451823234558,
            -0.10293638706207275,
            -0.029870063066482544,
            -0.20413370430469513,
            0.08515836298465729,
            0.09625470638275146,
            -0.11461048573255539,
            -0.0829613208770752,
            0.11260433495044708,
            0.08775528520345688,
            -0.12068642675876617,
            0.18807759881019592,
            0.021663010120391846,
            0.08959528803825378,
            -0.07976889610290527,
            0.11734943836927414,
            0.06263510882854462,
            -0.8430190086364746,
            0.08277202397584915,
            0.04857834428548813,
            0.06896770000457764,
