{
    "num_epochs": 2000,
    "batch_size": 64,
    "final_g_loss": 0.7541107535362244,
    "final_d_loss": 0.7202070355415344,
    "train_data_exp_dir_path": "data/scp_train_data_non_norm",
    "generator": {
        "num_inputs": 2,
        "num_outputs": 2,
        "num_hidden_layers": 1,
        "neurons_per_hidden_layer": 64,
        "hidden_layer_activation_function": "relu",
        "final_layer_activation_function": null,
        "bias": true,
        "weights": [
            0.9402058124542236,
            0.9750902652740479,
            -0.9943177103996277,
            -1.0611834526062012,
            -1.1040927171707153,
            1.5123791694641113,
            -0.8787616491317749,
            -1.2704919576644897,
            0.4829634726047516,
            -1.3930749893188477,
            1.1276781558990479,
            0.998216450214386,
            0.14119784533977509,
            -0.361780047416687,
            2.213341474533081,
            2.093104124069214,
            -1.7339357137680054,
            -0.5499541759490967,
            0.772400438785553,
            1.173433780670166,
            -0.8977224230766296,
            -0.9082745313644409,
            0.049504898488521576,
            -1.168453335762024,
            1.8125919103622437,
            1.5450893640518188,
            1.1486945152282715,
            1.0923312902450562,
            -0.9996950626373291,
            -1.0511873960494995,
            -0.8919269442558289,
            -0.8843459486961365,
            -0.27990221977233887,
            -0.11967207491397858,
            0.08308321237564087,
            -0.05885535478591919,
            1.1849256753921509,
            1.0136083364486694,
            1.056994915008545,
            -0.560469388961792,
            1.7468845844268799,
            0.25100332498550415,
            0.9814454317092896,
            0.5586758852005005,
            1.89643132686615,
            1.3549940586090088,
            0.18697860836982727,
            -1.6019997596740723,
            0.4728422462940216,
            -1.3727480173110962,
            -0.8575324416160583,
            -0.9499475359916687,
            1.1411974430084229,
            -0.658128023147583,
            -0.28575780987739563,
            -0.24881646037101746,
            0.962894082069397,
            1.000781536102295,
            -1.689816951751709,
            -1.509365439414978,
            1.0312612056732178,
            0.9373679757118225,
            -1.5745954513549805,
            -0.7069417238235474,
            -1.5393617153167725,
            -1.168347716331482,
            -1.182721495628357,
            0.6681909561157227,
            -1.5781900882720947,
            -1.25066077709198,
            -1.2530732154846191,
            -0.032964836806058884,
            0.035143397748470306,
            2.149068832397461,
            1.0162353515625,
            0.8645808696746826,
            -1.4526069164276123,
            -1.0027990341186523,
            -0.06760744750499725,
            -1.1177310943603516,
            0.2721807360649109,
            -0.738174319267273,
            -1.3935251235961914,
            0.4493694007396698,
            2.2033846378326416,
            1.7338618040084839,
            1.2485684156417847,
            0.6635437607765198,
            -0.6914216876029968,
            -0.8390063047409058,
            -1.4539484977722168,
            -0.3409155607223511,
            0.8240965008735657,
            0.5774433612823486,
            -0.8694969415664673,
            -1.1989268064498901,
            -1.1440986394882202,
            0.402564138174057,
            -0.5049806237220764,
            -1.06129789352417,
            2.013068437576294,
            2.085859537124634,
            -0.24897755682468414,
            -0.7872071266174316,
            1.6128956079483032,
            1.5086932182312012,
            1.2227094173431396,
            1.7190806865692139,
            0.8815295100212097,
            0.7814315557479858,
            1.9642231464385986,
            1.3506497144699097,
            1.8176640272140503,
            -0.35668691992759705,
            -0.8109480142593384,
            1.5103633403778076,
            -0.9200711846351624,
            0.4258652329444885,
            -1.4006085395812988,
            -1.3237618207931519,
            -0.9443315267562866,
            -0.9529663920402527,
            -0.9850608110427856,
            -0.9536974430084229,
            -0.8416332006454468,
            -0.020059656351804733,
            -0.20463700592517853,
            -0.4295113980770111,
            1.9013874530792236,
            0.18508532643318176,
            1.1383758783340454,
            0.07447405159473419,
            0.7949098348617554,
            2.061720609664917,
            1.7432938814163208,
            0.8920562267303467,
            0.8083750009536743,
            1.820980429649353,
            0.2145710289478302,
            1.7553786039352417,
            1.093405842781067,
            2.1968138217926025,
            0.5105032324790955,
            0.30215370655059814,
            1.6602340936660767,
            -0.6412280201911926,
            2.1318864822387695,
            1.661944031715393,
            1.384455919265747,
            1.5380653142929077,
            0.8697509765625,
            0.07470278441905975,
            1.0476261377334595,
            1.4424582719802856,
            0.6231188774108887,
            -0.5018360614776611,
            1.949593186378479,
            1.0552741289138794,
            1.9146770238876343,
            1.6361027956008911,
            1.1481378078460693,
            1.143317699432373,
            0.8307343125343323,
            1.584864854812622,
            0.6920515298843384,
            1.8219728469848633,
            1.3072187900543213,
            -0.2365412712097168,
            1.7205531597137451,
            1.1513727903366089,
            0.6637977957725525,
            1.8858722448349,
            0.014622559770941734,
            1.3564096689224243,
            1.37247633934021,
            -0.0017938138917088509,
            1.4626942873001099,
            1.6446999311447144,
            0.8641796708106995,
            1.0119924545288086,
            1.0535680055618286,
            0.9174069166183472,
            1.6123313903808594,
            1.0148624181747437,
            0.43802130222320557,
            0.9788535833358765,
            1.2026134729385376,
            0.627342700958252,
            -0.03192416578531265,
            0.09639247506856918,
            1.7556661367416382,
            1.791314721107483,
            0.6378331780433655,
            -0.33966609835624695,
            -0.24493452906608582,
            -0.27501150965690613,
            -0.01801028661429882,
            0.8144118785858154,
            -0.23975244164466858,
            -1.0327414274215698,
            -0.11749764531850815,
            0.4300408959388733,
            -0.4085601568222046,
            -0.17602601647377014,
            -0.6953831315040588,
            0.7264938354492188,
            -0.42359471321105957,
            -0.3917093873023987,
            -0.10814813524484634,
            0.018255889415740967,
            0.7249415516853333,
            -0.29089370369911194,
            -0.07127084583044052,
            0.6305804252624512,
            -0.8429104685783386,
            0.19226136803627014,
            -0.032627638429403305,
            -0.08953823894262314,
            -0.09369257092475891,
            0.7576260566711426,
            0.615247368812561,
            -0.22563894093036652,
            0.8651443719863892,
            -0.23725830018520355,
            -0.2099279761314392,
            0.11133190244436264,
            -0.24697114527225494,
            -0.10398369282484055,
            0.31219038367271423,
            0.6666725277900696,
            -0.20767252147197723,
