{
    "num_epochs": 2000,
    "batch_size": 64,
    "final_g_loss": 0.7301287651062012,
    "final_d_loss": 0.725018322467804,
    "train_data_exp_dir_path": "data/scp_train_data_non_norm",
    "generator": {
        "num_inputs": 2,
        "num_outputs": 2,
        "num_hidden_layers": 1,
        "neurons_per_hidden_layer": 64,
        "hidden_layer_activation_function": "relu",
        "final_layer_activation_function": null,
        "bias": true,
        "weights": [
            -0.9071412682533264,
            1.3907300233840942,
            -1.9417850971221924,
            -1.3142346143722534,
            -1.6719893217086792,
            -1.2598050832748413,
            -1.5234419107437134,
            -1.4833178520202637,
            -1.610769510269165,
            -0.9476271271705627,
            -0.07860583066940308,
            -0.08920101076364517,
            -1.1049045324325562,
            1.219640851020813,
            -1.8136396408081055,
            0.6623715162277222,
            0.9654377102851868,
            0.930986762046814,
            -1.267357349395752,
            -1.301956057548523,
            -1.4778621196746826,
            -1.4253294467926025,
            -1.217271327972412,
            -1.1292616128921509,
            1.550593376159668,
            0.9142851233482361,
            -1.582546353340149,
            1.2511518001556396,
            -1.765546441078186,
            1.012276291847229,
            -0.6441699862480164,
            1.1023340225219727,
            -1.0057533979415894,
            -1.4710400104522705,
            -1.62795090675354,
            -1.813482403755188,
            1.3591558933258057,
            1.030390739440918,
            -1.3628134727478027,
            1.6328800916671753,
            0.7453758716583252,
            -1.4148409366607666,
            1.1438201665878296,
            -1.1788570880889893,
            1.1438753604888916,
            1.1400073766708374,
            1.3378711938858032,
            1.052535891532898,
            -1.4012938737869263,
            -1.807497501373291,
            1.1692670583724976,
            -1.687322974205017,
            1.2769349813461304,
            -1.172745704650879,
            -0.9575749039649963,
            1.582592487335205,
            0.5396341681480408,
            0.0677269697189331,
            1.6137830018997192,
            0.8858346939086914,
            -0.0841277688741684,
            -0.11123234778642654,
            -1.0645196437835693,
            -0.871716320514679,
            1.297975778579712,
            1.4640851020812988,
            -1.2280850410461426,
            -1.6231396198272705,
            0.969464123249054,
            -1.3656675815582275,
            0.4963962137699127,
            -0.07095436006784439,
            1.5370441675186157,
            0.9601550102233887,
            0.6245648860931396,
            1.274105429649353,
            0.003342496696859598,
            0.023022109642624855,
            -1.0242723226547241,
            -1.764501690864563,
            1.6171623468399048,
            1.4328595399856567,
            1.0765990018844604,
            -1.828782558441162,
            -1.776094913482666,
            1.5929768085479736,
            1.8194010257720947,
            0.7887197136878967,
            1.5425190925598145,
            1.190718412399292,
            -0.48939645290374756,
            -0.9481736421585083,
            -1.2851550579071045,
            -1.7319921255111694,
            1.1998542547225952,
            -1.644190788269043,
            -1.8071601390838623,
            -1.3618425130844116,
            -1.885401725769043,
            0.8076949715614319,
            -1.6584885120391846,
            1.028535008430481,
            1.290448784828186,
            -1.0495222806930542,
            -1.4934886693954468,
            -1.2634674310684204,
            -1.3952300548553467,
            -1.4582256078720093,
            1.2794259786605835,
            0.5232195258140564,
            1.2961187362670898,
            1.3349727392196655,
            -1.5502084493637085,
            1.0237932205200195,
            -1.8294503688812256,
            -1.767125129699707,
            0.2889752984046936,
            1.0324230194091797,
            0.9269295334815979,
            -1.4643661975860596,
            1.158575177192688,
            -1.528019666671753,
            -1.3310729265213013,
            0.4313136339187622,
            1.7271653413772583,
            1.1818641424179077,
            1.521350622177124,
            1.5609214305877686,
            1.4469479322433472,
            1.0684012174606323,
            1.476436734199524,
            1.3148257732391357,
            1.3914443254470825,
            -0.5391371846199036,
            1.202742338180542,
            0.4144062101840973,
            0.7510464191436768,
            1.3025004863739014,
            0.9777310490608215,
            1.19438898563385,
            0.8889232873916626,
            1.0895991325378418,
            0.7790156006813049,
            1.3736826181411743,
            0.6792280077934265,
            0.9069017171859741,
            1.2149523496627808,
            0.5176547169685364,
            1.1301932334899902,
            0.776181161403656,
            0.7067774534225464,
            0.7945486903190613,
            0.8901652097702026,
            0.48629459738731384,
            1.0490167140960693,
            0.39080196619033813,
            1.711363673210144,
            0.9991162419319153,
            -0.6054003238677979,
            1.5799239873886108,
            0.4763936996459961,
            0.9195212125778198,
            1.2270718812942505,
            1.610031247138977,
            0.7634961009025574,
            1.4220385551452637,
            -0.11044616997241974,
            1.7332247495651245,
            0.8911710381507874,
            0.44530758261680603,
            0.7206332087516785,
            1.0903972387313843,
            0.9642701148986816,
            1.2753654718399048,
            1.5567653179168701,
            1.649092435836792,
            1.013522982597351,
            1.0518699884414673,
            1.204716444015503,
            0.838695228099823,
            0.9640301465988159,
            1.0959837436676025,
            1.4134691953659058,
            0.7450876235961914,
            1.0683050155639648,
            1.2374731302261353,
            1.5632175207138062,
            0.826921284198761,
            1.6556613445281982,
            1.5037922859191895,
            0.42719733715057373,
            1.5243829488754272,
            0.06909549981355667,
            -0.10523941367864609,
            -0.11317786574363708,
            0.1135544553399086,
            0.11124175041913986,
            0.05035432428121567,
            0.07990716397762299,
            -0.026330629363656044,
            -0.12146048992872238,
            -0.04142111539840698,
            0.0783587321639061,
            -0.13472546637058258,
            -0.31898465752601624,
            -0.038836922496557236,
            0.19225254654884338,
            -0.0646611675620079,
            0.025984134525060654,
            -0.024772830307483673,
            -0.2196485847234726,
            0.00040254482883028686,
            -0.053433384746313095,
            0.13027158379554749,
            -0.1350305676460266,
            -0.3258925676345825,
            0.005453512072563171,
            0.13404668867588043,
            0.018469378352165222,
            0.20906928181648254,
            -0.20937380194664001,
            -0.21240882575511932,
            0.015456452034413815,
            0.09654375910758972,
            -0.14542031288146973,
            0.1381736695766449,
            -0.08522249758243561,
            -0.019495300948619843,
            -0.2332741767168045,
            -0.11208005994558334,
            0.0029113246127963066,
