{
    "num_epochs": 2000,
    "batch_size": 64,
    "final_g_loss": 0.8113510012626648,
    "final_d_loss": 0.8043580651283264,
    "train_data_exp_dir_path": "data/scp_train_data_non_norm",
    "generator": {
        "num_inputs": 2,
        "num_outputs": 2,
        "num_hidden_layers": 1,
        "neurons_per_hidden_layer": 64,
        "hidden_layer_activation_function": "relu",
        "final_layer_activation_function": null,
        "bias": true,
        "weights": [
            -0.43011316657066345,
            -0.5959742069244385,
            1.470869779586792,
            -1.1416077613830566,
            -0.886552095413208,
            -1.1884043216705322,
            -0.7117995023727417,
            1.7143291234970093,
            -0.779634952545166,
            1.6707676649093628,
            -0.851982057094574,
            0.6315192580223083,
            1.1182951927185059,
            1.6607552766799927,
            -1.2974162101745605,
            -0.9075098633766174,
            0.08960817009210587,
            1.6877886056900024,
            -1.2037720680236816,
            -1.053489327430725,
            0.9314712285995483,
            -0.36860960721969604,
            -0.8185391426086426,
            -0.9922967553138733,
            0.6826796531677246,
            -1.0217914581298828,
            0.031688474118709564,
            1.023262619972229,
            0.9962530732154846,
            -1.290339469909668,
            1.201733946800232,
            1.6263628005981445,
            1.4743858575820923,
            1.7864066362380981,
            -0.8401942253112793,
            0.9604738354682922,
            0.6360545754432678,
            -1.2934529781341553,
            0.8299094438552856,
            1.4901012182235718,
            1.2274540662765503,
            1.4908311367034912,
            -1.329457402229309,
            -1.3248344659805298,
            0.35046303272247314,
            -0.45521309971809387,
            0.9382433891296387,
            1.3557415008544922,
            0.6446565389633179,
            -1.407163381576538,
            -0.9648025035858154,
            -1.0674619674682617,
            -0.7196870446205139,
            -0.10835213959217072,
            -0.9849109053611755,
            -1.4391140937805176,
            0.09033931791782379,
            -0.0019187864381819963,
            1.3480507135391235,
            1.6996299028396606,
            1.2829806804656982,
            0.4337101876735687,
            1.5546584129333496,
            1.8295586109161377,
            -1.1931705474853516,
            -1.2467697858810425,
            -1.2087554931640625,
            -1.1362494230270386,
            1.0061566829681396,
            1.2723571062088013,
            -1.6068538427352905,
            1.1240184307098389,
            0.9980191588401794,
            -0.7773047089576721,
            -1.4322258234024048,
            0.4649319350719452,
            -1.267861247062683,
            -1.5407840013504028,
            1.095839500427246,
            1.5934990644454956,
            -0.6012547612190247,
            -0.40399619936943054,
            -1.1413997411727905,
            -1.399382472038269,
            -0.33935704827308655,
            -0.44001299142837524,
            1.4326344728469849,
            1.6583877801895142,
            -1.323152780532837,
            -1.3699737787246704,
            -0.4621497094631195,
            1.8180335760116577,
            1.642279863357544,
            1.2381577491760254,
            1.291709065437317,
            0.5267153978347778,
            -1.1073185205459595,
            1.181821584701538,
            1.183235764503479,
            1.7010375261306763,
            -0.03290156275033951,
            -1.1847279071807861,
            -0.921425461769104,
            -0.03811921924352646,
            -0.7113775014877319,
            -0.8804576992988586,
            0.3434886932373047,
            -0.928297221660614,
            -1.3313392400741577,
            -1.2343964576721191,
            -1.131290316581726,
            0.11976749449968338,
            1.5810282230377197,
            0.6486622095108032,
            0.780758798122406,
            1.1715316772460938,
            0.8235648274421692,
            1.6108191013336182,
            0.6409125328063965,
            -1.4385836124420166,
            1.9039143323898315,
            0.26800772547721863,
            0.7362117767333984,
            -1.6813058853149414,
            -1.430306315422058,
            -1.5811914205551147,
            0.43167564272880554,
            -0.7230600118637085,
            -0.334948867559433,
            0.731250524520874,
            0.2980356216430664,
            1.6786797046661377,
            1.1913785934448242,
            1.286486029624939,
            1.9694671630859375,
            0.10995074361562729,
            1.4518576860427856,
            -0.019757071509957314,
            1.8695361614227295,
            0.308330237865448,
            1.0631192922592163,
            1.4321787357330322,
            0.46258246898651123,
            0.672892689704895,
            1.0342320203781128,
            1.3805546760559082,
            0.25749480724334717,
            0.8759623765945435,
            1.7256001234054565,
            1.0454543828964233,
            1.6239800453186035,
            1.640623927116394,
            0.6797351241111755,
            0.2589482367038727,
            1.4793232679367065,
            1.1601216793060303,
            -0.404746413230896,
            1.8287454843521118,
            1.1088848114013672,
            0.9611174464225769,
            0.7425079941749573,
            -0.09889150410890579,
            1.410853385925293,
            0.5869743824005127,
            1.1979193687438965,
            0.4272082448005676,
            0.9853899478912354,
            1.799201488494873,
            1.9820104837417603,
            0.5955211520195007,
            1.6582690477371216,
            1.078600525856018,
            0.9397574067115784,
            0.9873554110527039,
            0.8492861986160278,
            1.6975570917129517,
            0.9951969981193542,
            1.7399296760559082,
            0.3604685962200165,
            1.796614170074463,
            -0.049472421407699585,
            1.7992274761199951,
            0.9178574085235596,
            1.6918070316314697,
            1.5077013969421387,
            1.195361852645874,
            0.7285937070846558,
            0.9718483686447144,
            0.9675402045249939,
            0.4730903208255768,
            1.0983474254608154,
            1.8255168199539185,
            0.8223674297332764,
            -0.21536828577518463,
            -0.27832651138305664,
            -0.010020427405834198,
            -0.08739424496889114,
            -0.06466177105903625,
            0.2812802493572235,
            -0.15044976770877838,
            0.08655410259962082,
            -0.10475020110607147,
            -0.1911621242761612,
            -0.33829912543296814,
            -0.18295417726039886,
            -0.07575118541717529,
            -0.014957339502871037,
            -0.34471118450164795,
            -0.33716195821762085,
            -0.09964054822921753,
            -0.02863902784883976,
            -0.2212812602519989,
            0.28793513774871826,
            -0.29737210273742676,
            -0.05265704169869423,
            0.2682372033596039,
            -0.10084543377161026,
            -0.2372424602508545,
            -0.004738889634609222,
            -0.21108096837997437,
            0.1145968809723854,
            0.4345002770423889,
            0.02394590526819229,
            -0.35854485630989075,
            -0.17541895806789398,
            -0.059201885014772415,
            0.3865293860435486,
            -0.004757059272378683,
            -0.06334976851940155,
            0.045266229659318924,
            -0.3247503638267517,
