{
    "num_epochs": 2000,
    "batch_size": 64,
    "final_g_loss": 0.7893496751785278,
    "final_d_loss": 0.7598839402198792,
    "train_data_exp_dir_path": "data/scp_train_data_non_norm",
    "generator": {
        "num_inputs": 2,
        "num_outputs": 2,
        "num_hidden_layers": 1,
        "neurons_per_hidden_layer": 64,
        "hidden_layer_activation_function": "relu",
        "final_layer_activation_function": null,
        "bias": true,
        "weights": [
            -0.8646495938301086,
            1.6197116374969482,
            -0.7609972357749939,
            -1.9002805948257446,
            2.1684162616729736,
            0.7025067806243896,
            -1.122000813484192,
            -0.7390499114990234,
            -0.5614079833030701,
            -0.7580730319023132,
            0.8577582240104675,
            -0.7372757196426392,
            1.2575958967208862,
            1.1280517578125,
            1.1267753839492798,
            1.3598576784133911,
            -0.11597547680139542,
            -0.5984176397323608,
            -1.6347898244857788,
            1.018816351890564,
            0.23529474437236786,
            0.08630409091711044,
            -2.4970922470092773,
            -0.8110077381134033,
            1.3960360288619995,
            -1.0275338888168335,
            0.8835177421569824,
            1.4333672523498535,
            0.16793972253799438,
            -0.832217812538147,
            2.1933772563934326,
            0.8144927024841309,
            1.0582584142684937,
            1.2187188863754272,
            0.8494184613227844,
            1.3857998847961426,
            -2.352426767349243,
            -0.24530424177646637,
            -1.796111822128296,
            1.296093225479126,
            0.9879026412963867,
            -1.041085958480835,
            1.077188491821289,
            0.5461491346359253,
            1.2407448291778564,
            -0.894536018371582,
            1.383551836013794,
            -0.7187964916229248,
            -2.4083096981048584,
            -0.21872903406620026,
            0.9619112610816956,
            -0.7483885884284973,
            1.3960175514221191,
            -0.4533972144126892,
            -2.471134901046753,
            -0.498989075422287,
            -0.3401258885860443,
            0.13178667426109314,
            1.021674633026123,
            1.7085009813308716,
            0.9259873032569885,
            1.7595515251159668,
            0.5125588178634644,
            -1.5087865591049194,
            1.5484719276428223,
            -0.8745394349098206,
            0.8656297326087952,
            -0.470296174287796,
            -0.2664385437965393,
            -0.9837590456008911,
            1.7378895282745361,
            -1.2137118577957153,
            1.3627758026123047,
            -0.8125333786010742,
            -1.4834251403808594,
            1.701696753501892,
            1.362985372543335,
            -0.8104513883590698,
            0.6953705549240112,
            1.5940438508987427,
            1.456672191619873,
            -1.0001946687698364,
            0.18712562322616577,
            -0.14526629447937012,
            1.4603617191314697,
            -0.2051125317811966,
            -0.23359325528144836,
            -0.5925248265266418,
            -0.7830541729927063,
            -0.5305306315422058,
            2.1652681827545166,
            0.5357094407081604,
            -0.2997806966304779,
            0.7649199366569519,
            1.2638826370239258,
            -0.7060675621032715,
            -2.0788748264312744,
            -0.8081859350204468,
            1.5147000551223755,
            0.5358782410621643,
            -0.39088326692581177,
            -2.012357234954834,
            0.428798109292984,
            -1.5127511024475098,
            -0.08573221415281296,
            -0.025528060272336006,
            -1.3866633176803589,
            1.4819347858428955,
            -1.7048999071121216,
            1.367538332939148,
            -2.4855592250823975,
            0.10527558624744415,
            1.1318939924240112,
            -0.7692740559577942,
            0.16485032439231873,
            -0.152044415473938,
            1.1946604251861572,
            -1.1572120189666748,
            0.12512052059173584,
            -1.5020455121994019,
            -2.3188438415527344,
            -0.9194318056106567,
            1.6078728437423706,
            -1.2987152338027954,
            1.4976575374603271,
            -0.41328150033950806,
            -1.6463046073913574,
            -1.4653422832489014,
            0.7232323884963989,
            1.1925336122512817,
            0.6106535792350769,
            -0.379537433385849,
            1.6594427824020386,
            0.5933009386062622,
            2.1269102096557617,
            1.7764629125595093,
            1.5445183515548706,
            0.6178061962127686,
            -0.501462996006012,
            0.30493080615997314,
            0.6209210753440857,
            1.3805596828460693,
            0.3252546489238739,
            0.8068529367446899,
            1.6939105987548828,
            1.2837462425231934,
            0.5351371169090271,
            0.967640221118927,
            1.1265413761138916,
            1.8058816194534302,
            0.5292315483093262,
            1.041246771812439,
            0.6769734025001526,
            0.3308412730693817,
            -0.09002398699522018,
            0.46145161986351013,
            1.8391358852386475,
            1.198602557182312,
            1.2349042892456055,
            0.4924759864807129,
            1.1384251117706299,
            0.6690833568572998,
            1.6261428594589233,
            0.9889454245567322,
            0.8532989025115967,
            0.7657389640808105,
            0.9327518343925476,
            0.9869379997253418,
            0.973701000213623,
            1.8434969186782837,
            0.17216309905052185,
            1.5629602670669556,
            1.4807928800582886,
            1.087550163269043,
            1.9298219680786133,
            0.2952106297016144,
            0.12247545272111893,
            0.16974440217018127,
            0.40187302231788635,
            0.5794171690940857,
            -0.4390588104724884,
            1.270361304283142,
            0.9196343421936035,
            0.9891705513000488,
            0.574376106262207,
            1.8548485040664673,
            0.9103031754493713,
            1.1391404867172241,
            0.27966082096099854,
            0.3476411700248718,
            0.10435499250888824,
            1.0300037860870361,
            -0.11055365949869156,
            -0.25488245487213135,
            -0.6468957662582397,
            -0.05966702848672867,
            -0.09973124414682388,
            0.18276163935661316,
            0.3855370283126831,
            0.1633998304605484,
            -0.1338336020708084,
            -0.02602318488061428,
            0.19753167033195496,
            -0.4091264605522156,
            0.11053009331226349,
            0.30107635259628296,
            0.2904900908470154,
            -0.4806883633136749,
            0.20249256491661072,
            0.2095944583415985,
            -0.33314332365989685,
            -0.09980972111225128,
            0.12197422236204147,
            0.4305870831012726,
            0.03656600043177605,
            0.1052652895450592,
            -0.4842442572116852,
            0.07404502481222153,
            -0.36386898159980774,
            -0.5235691070556641,
            -0.2065935730934143,
            0.010776115581393242,
            0.12219686061143875,
            -0.03655853122472763,
            0.2061619609594345,
            0.15197569131851196,
            -0.00220206705853343,
            0.16618569195270538,
            0.0547109954059124,
            -0.03540511801838875,
            0.1501864492893219,
