{
    "num_epochs": 2000,
    "batch_size": 64,
    "final_g_loss": 0.7869642376899719,
    "final_d_loss": 0.7180632948875427,
    "train_data_exp_dir_path": "data/scp_train_data_non_norm",
    "generator": {
        "num_inputs": 2,
        "num_outputs": 2,
        "num_hidden_layers": 1,
        "neurons_per_hidden_layer": 64,
        "hidden_layer_activation_function": "relu",
        "final_layer_activation_function": null,
        "bias": true,
        "weights": [
            -1.3600236177444458,
            1.5880502462387085,
            -0.8606652021408081,
            1.9625561237335205,
            -1.585026741027832,
            1.1087031364440918,
            -1.2558554410934448,
            -1.7780754566192627,
            -0.5975341200828552,
            -1.6367285251617432,
            2.151832103729248,
            -0.97552090883255,
            -0.6935233473777771,
            -1.9997600317001343,
            -0.7613600492477417,
            -1.7291569709777832,
            2.150941848754883,
            -1.3538691997528076,
            -1.0485793352127075,
            -1.9393284320831299,
            -0.922595739364624,
            -1.4897892475128174,
            1.9492393732070923,
            -1.5501161813735962,
            2.209578275680542,
            -0.9980211853981018,
            0.7218719720840454,
            -0.2125479280948639,
            -0.7355597615242004,
            -1.4611217975616455,
            -0.68157958984375,
            -1.4976452589035034,
            -1.6489603519439697,
            -1.5286715030670166,
            -0.8444569706916809,
            1.1645466089248657,
            0.6093111634254456,
            0.07623002678155899,
            -1.314196228981018,
            -1.428381323814392,
            1.133355975151062,
            0.9669841527938843,
            -1.6705507040023804,
            0.9970001578330994,
            1.362350583076477,
            1.2473208904266357,
            -1.7511399984359741,
            1.7313836812973022,
            1.9774376153945923,
            1.0112278461456299,
            1.8841904401779175,
            0.5879316926002502,
            1.6761596202850342,
            -1.1453654766082764,
            0.3764709234237671,
            -0.4090516269207001,
            -1.7628259658813477,
            1.66913902759552,
            2.2751595973968506,
            0.7834187150001526,
            -1.5852937698364258,
            1.6769927740097046,
            -1.0256924629211426,
            -1.9585065841674805,
            -1.0773814916610718,
            -1.3886306285858154,
            1.1191948652267456,
            -1.7961657047271729,
            1.936684489250183,
            0.7024693489074707,
            -1.4166299104690552,
            1.3754310607910156,
            -1.473880410194397,
            1.6721844673156738,
            0.16727308928966522,
            1.559936285018921,
            -2.140018939971924,
            -0.5353627800941467,
            -0.6358195543289185,
            -1.8765161037445068,
            1.8635658025741577,
            0.8618537187576294,
            -1.0233172178268433,
            1.6475520133972168,
            2.161337375640869,
            1.3642823696136475,
            -1.7818435430526733,
            -1.711205005645752,
            -1.4855812788009644,
            1.30130934715271,
            1.9873143434524536,
            0.5693865418434143,
            2.0690712928771973,
            0.7011939883232117,
            -0.4012313783168793,
            1.2845710515975952,
            1.8756097555160522,
            -1.395243525505066,
            1.0006810426712036,
            1.3462579250335693,
            0.28495487570762634,
            -1.088854193687439,
            -1.4166967868804932,
            1.847237467765808,
            -0.48842114210128784,
            -2.041332483291626,
            -0.11430594325065613,
            -0.014534822665154934,
            -1.5547010898590088,
            1.8678169250488281,
            2.1435787677764893,
            1.090167760848999,
            0.8775907158851624,
            0.058934081345796585,
            2.207787275314331,
            1.1763420104980469,
            1.6441302299499512,
            -1.3377411365509033,
            -0.9042387008666992,
            -1.268352746963501,
            0.9963496923446655,
            -1.568109154701233,
            1.3732337951660156,
            -1.8887284994125366,
            -1.4520399570465088,
            1.7404240369796753,
            -0.6185926795005798,
            -1.7330784797668457,
            0.6274778246879578,
            0.9224662184715271,
            1.3591723442077637,
            0.9508416652679443,
            1.228514313697815,
            0.26450371742248535,
            1.4111301898956299,
            1.4707633256912231,
            0.3407416343688965,
            1.9457157850265503,
            1.7020577192306519,
            0.2541365623474121,
            0.7764411568641663,
            1.5470069646835327,
            1.407792568206787,
            1.3203630447387695,
            0.641300618648529,
            1.1652384996414185,
            1.6732364892959595,
            0.8728013634681702,
            1.4126726388931274,
            1.5883222818374634,
            1.1331909894943237,
            0.9741246700286865,
            0.5173467993736267,
            0.6458655595779419,
            0.51717609167099,
            1.3804994821548462,
            1.125664472579956,
            0.485566645860672,
            0.8402493000030518,
            1.8929775953292847,
            1.9434045553207397,
            0.2774404287338257,
            0.6745242476463318,
            0.9665782451629639,
            0.6768380999565125,
            -0.21295611560344696,
            0.010342773050069809,
            1.3385270833969116,
            0.6803343296051025,
            1.1913594007492065,
            1.0804797410964966,
            0.723763644695282,
            1.0455578565597534,
            0.5355547666549683,
            0.4125872850418091,
            1.500375747680664,
            0.7553764581680298,
            0.7600582242012024,
            1.3506827354431152,
            0.5256933569908142,
            0.9785526394844055,
            -0.5247753262519836,
            0.6414386034011841,
            0.25620710849761963,
            1.031907320022583,
            0.5471912026405334,
            1.5063800811767578,
            1.634203314781189,
            0.07869760692119598,
            -0.012463001534342766,
            0.7694014310836792,
            1.2780296802520752,
            0.036636725068092346,
            0.07019759714603424,
            -0.03303878381848335,
            -0.23955190181732178,
            0.2302701324224472,
            -0.29608142375946045,
            0.2851676344871521,
            0.158237487077713,
            -0.248487189412117,
            0.2587313652038574,
            0.2517932057380676,
            -0.1731780469417572,
            -0.22178347408771515,
            0.10821511596441269,
            0.1314544826745987,
            0.17327114939689636,
            -0.45836085081100464,
            -0.2521110773086548,
            0.16768336296081543,
            -0.31216785311698914,
            0.06257107853889465,
            0.11372607201337814,
            -0.07726766169071198,
            -0.0002856921637430787,
            -0.28354209661483765,
            -0.396563857793808,
            -0.19406090676784515,
            -0.1053420901298523,
            0.05821642279624939,
            -0.4247145652770996,
            0.16100716590881348,
            0.13977769017219543,
            0.18617163598537445,
            0.09359494596719742,
            -0.23862488567829132,
            0.016556736081838608,
            -0.06506670266389847,
            0.32803136110305786,
            -0.7015812993049622,
            0.08730195462703705,
