{
    "num_epochs": 20000,
    "batch_size": 1000,
    "final_g_loss": 1.0713425874710083,
    "final_d_loss": 0.4949225187301636,
    "train_data_exp_dir_path": "data/scp_train_data_norm",
    "generator": {
        "num_inputs": 2,
        "num_outputs": 2,
        "num_hidden_layers": 1,
        "neurons_per_hidden_layer": 64,
        "hidden_layer_activation_function": "relu",
        "final_layer_activation_function": null,
        "bias": true,
        "weights": [
            -0.9023422002792358,
            0.11756671220064163,
            0.04718327149748802,
            -0.3166079819202423,
            0.9820804595947266,
            -0.6064348220825195,
            -0.03055938519537449,
            0.06426720321178436,
            -0.24020424485206604,
            0.8629369735717773,
            -0.5476163625717163,
            -1.3053685426712036,
            -0.13120880722999573,
            -0.29566094279289246,
            0.7449130415916443,
            -0.20329290628433228,
            -0.2868427038192749,
            0.7687258124351501,
            -0.0678563043475151,
            -0.08466406166553497,
            -0.5017833113670349,
            -0.6568549275398254,
            -0.09506453573703766,
            -1.1667866706848145,
            -0.6225094795227051,
            -0.9222792983055115,
            1.1657987833023071,
            -0.3342428505420685,
            0.9894008040428162,
            -0.27321189641952515,
            0.6372929811477661,
            0.43841829895973206,
            -0.3463491201400757,
            -1.2326226234436035,
            0.4994931221008301,
            0.22642382979393005,
            -1.3053086996078491,
            0.13030840456485748,
            -1.8856302499771118,
            0.04540615156292915,
            -1.4798572063446045,
            0.3353131115436554,
            0.516109824180603,
            -0.6378846168518066,
            -2.360089063644409,
            -0.10028912872076035,
            -0.242712140083313,
            0.054282352328300476,
            0.7025333642959595,
            0.5851825475692749,
            1.3312801122665405,
            -0.5006477236747742,
            -0.32540392875671387,
            -0.06054458022117615,
            -1.9391828775405884,
            0.31324589252471924,
            0.35539019107818604,
            -0.3087172210216522,
            0.6201044321060181,
            0.28203946352005005,
            0.5830325484275818,
            -0.16063192486763,
            -0.40012481808662415,
            0.45442327857017517,
            -0.46498990058898926,
            0.7703261971473694,
            -0.948314368724823,
            0.19518642127513885,
            0.6126816272735596,
            0.5078434348106384,
            -0.4112526774406433,
            0.8733056783676147,
            -2.00892972946167,
            -0.9155663847923279,
            -0.10202726721763611,
            0.8041037321090698,
            -0.16589738428592682,
            0.7178710103034973,
            -0.2676660716533661,
            0.7112786769866943,
            -1.5306974649429321,
            0.15541166067123413,
            -1.1277246475219727,
            0.050168752670288086,
            0.931422233581543,
            -0.10945369303226471,
            0.5545459985733032,
            0.39166927337646484,
            -1.9675023555755615,
            0.4277114272117615,
            0.6721459627151489,
            0.2922021448612213,
            -1.2090435028076172,
            0.2615892291069031,
            0.003964756615459919,
            -0.4042416512966156,
            0.8035413026809692,
            0.48693904280662537,
            -0.3838821351528168,
            0.038127098232507706,
            0.007829366251826286,
            -0.7070980072021484,
            0.1176496371626854,
            0.220383882522583,
            -0.16532176733016968,
            -1.2738003730773926,
            -0.43137478828430176,
            0.3623449504375458,
            -0.5206188559532166,
            0.9230645895004272,
            -0.20891234278678894,
            -1.4730267524719238,
            -0.5551825761795044,
            -0.8682775497436523,
            -0.06840070337057114,
            -0.3402327597141266,
            0.4200359880924225,
            -1.229424238204956,
            -1.4638404846191406,
            0.1466141939163208,
            -0.2879929542541504,
            -1.437604546546936,
            -0.42373326420783997,
            0.15588167309761047,
            0.18034842610359192,
            -1.4461549520492554,
            -0.3004961311817169,
            -0.13659153878688812,
            0.24831141531467438,
            0.8322040438652039,
            0.19156715273857117,
            0.05445719510316849,
            0.7971693277359009,
            -0.6711165308952332,
            0.8702726364135742,
            0.5798215866088867,
            0.35634735226631165,
            0.7494076490402222,
            0.3445912003517151,
            -0.002462641568854451,
            0.4166346490383148,
            0.9507173299789429,
            0.7797106504440308,
            -0.35561466217041016,
            0.22424189746379852,
            0.6916227340698242,
            0.4093875586986542,
            -0.981985867023468,
            0.2810858190059662,
            0.8423312306404114,
            -1.2869107723236084,
            0.5863165855407715,
            0.2832651436328888,
            0.0006360226543620229,
            0.7662936449050903,
            0.5064429640769958,
            -0.4488883912563324,
            0.8695755004882812,
            -0.02400616928935051,
            0.5683457255363464,
            0.7648559808731079,
            -0.03228982537984848,
            0.7183409929275513,
            0.5439696311950684,
            -0.8529212474822998,
            1.098929524421692,
            0.2044762670993805,
            0.34126901626586914,
            -0.3540761172771454,
            0.39221879839897156,
            0.21211889386177063,
            -0.41974151134490967,
            0.4304634928703308,
            0.932948112487793,
            0.280774861574173,
            0.9784078001976013,
            0.3740233778953552,
            1.1332409381866455,
            -0.02836393378674984,
            1.1786588430404663,
            0.04153972864151001,
            0.8005728125572205,
            0.6891226172447205,
            0.06906433403491974,
            0.37818387150764465,
            0.9057173728942871,
            -0.6205307841300964,
            -0.34344229102134705,
            0.15995709598064423,
            0.9430515170097351,
            -0.2829694151878357,
            0.9126443266868591,
            -0.44157975912094116,
            -0.3524426221847534,
            -0.1481112688779831,
            0.07959853857755661,
            0.4762271046638489,
            0.21447281539440155,
            -0.2159239649772644,
            0.5516703724861145,
            -0.11979103833436966,
            0.10529015958309174,
            -0.4284597337245941,
            -0.4221821129322052,
            -0.30847859382629395,
            0.5898611545562744,
            0.7593732476234436,
            0.19550584256649017,
            -0.06128993257880211,
            -0.650985836982727,
            -0.27252036333084106,
            0.9224289655685425,
            -0.6169631481170654,
            -0.07950830459594727,
            1.0817028284072876,
            -0.16009220480918884,
            0.05901159718632698,
            -0.3869337737560272,
            0.020821789279580116,
            -0.3381754159927368,
            -0.46552523970603943,
            -0.42497894167900085,
            -0.4695594906806946,
            -0.308452308177948,
            0.043960072100162506,
            -0.42130953073501587,
            -0.3316936194896698,
            -0.0032143834978342056,
            0.759615957736969,
