{
    "num_epochs": 5000,
    "batch_size": 64,
    "final_g_loss": 0.90533447265625,
    "final_d_loss": 0.6886764764785767,
    "train_data_exp_dir_path": "data/scp_train_data_non_norm",
    "generator": {
        "num_inputs": 2,
        "num_outputs": 2,
        "num_hidden_layers": 1,
        "neurons_per_hidden_layer": 64,
        "hidden_layer_activation_function": "relu",
        "final_layer_activation_function": null,
        "bias": true,
        "weights": [
            -1.6276768445968628,
            -0.6879377961158752,
            -0.6916090846061707,
            -1.759937047958374,
            -0.8674006462097168,
            -0.8401724696159363,
            -2.0236802101135254,
            2.327624559402466,
            1.1225917339324951,
            0.22054694592952728,
            -1.6181713342666626,
            -0.8199303150177002,
            -1.7410643100738525,
            2.273646354675293,
            -0.5265870094299316,
            0.6975002884864807,
            -2.10270619392395,
            -0.5661408305168152,
            2.3684284687042236,
            -1.3633332252502441,
            0.49377456307411194,
            -1.795276165008545,
            2.209150552749634,
            -1.7312484979629517,
            1.1844093799591064,
            -1.6410245895385742,
            -2.6183667182922363,
            2.093122959136963,
            -2.0461928844451904,
            -0.9644665122032166,
            -2.31290602684021,
            -0.20307552814483643,
            0.056689679622650146,
            -0.017394904047250748,
            2.413327217102051,
            -0.3679144084453583,
            1.171471118927002,
            -1.630003809928894,
            1.0045725107192993,
            -1.913468837738037,
            0.8547420501708984,
            0.5235641002655029,
            1.779762625694275,
            -1.466848373413086,
            -3.0402584075927734,
            0.1426941454410553,
            0.6985606551170349,
            -1.8968576192855835,
            1.57478666305542,
            0.6756449341773987,
            -0.5972294807434082,
            -1.4519755840301514,
            -1.927749514579773,
            -0.5014212727546692,
            -0.5060021281242371,
            1.010762095451355,
            0.3797450363636017,
            0.5007562041282654,
            1.971070408821106,
            -1.5702793598175049,
            2.1997697353363037,
            -1.690719723701477,
            -1.6192220449447632,
            -0.8513200879096985,
            1.0330791473388672,
            -1.9180870056152344,
            1.766518473625183,
            -1.4471561908721924,
            1.7571834325790405,
            -1.4433051347732544,
            -1.6603338718414307,
            -0.943220853805542,
            -0.4868033230304718,
            -0.9683268666267395,
            1.232195258140564,
            -1.5769968032836914,
            1.894170880317688,
            -1.5124109983444214,
            2.375094413757324,
            0.6258552670478821,
            -3.0507149696350098,
            1.532008409500122,
            -0.37002530694007874,
            0.28981858491897583,
            -1.9262815713882446,
            -0.08196420967578888,
            2.003706693649292,
            -1.583115816116333,
            1.5700503587722778,
            -2.1027309894561768,
            -1.1619651317596436,
            1.5596034526824951,
            0.9358251094818115,
            -0.7082142233848572,
            -0.7357728481292725,
            0.6124393939971924,
            2.203835964202881,
            -1.716368556022644,
            0.779647171497345,
            -0.7641810178756714,
            1.2122560739517212,
            -1.6578900814056396,
            -1.0230687856674194,
            -0.971842885017395,
            0.20168882608413696,
            0.9905497431755066,
            1.193353295326233,
            0.47923725843429565,
            -2.5813326835632324,
            -0.2059352993965149,
            1.2457671165466309,
            -0.967784583568573,
            0.22579865157604218,
            -1.0807138681411743,
            -1.9587379693984985,
            -0.6623828411102295,
            -0.04979439824819565,
            -1.0961822271347046,
            -2.6472179889678955,
            -0.6443496942520142,
            0.33528876304626465,
            0.7695168256759644,
            -1.9519588947296143,
            -0.9743397831916809,
            2.6807191371917725,
            0.9435620903968811,
            -2.7132463455200195,
            1.3760409355163574,
            1.6300581693649292,
            0.5949193835258484,
            1.456830382347107,
            -0.4745101034641266,
            2.1670005321502686,
            1.5710175037384033,
            -0.29171428084373474,
            1.414934515953064,
            1.7057123184204102,
            1.583446979522705,
            0.297416090965271,
            1.8409183025360107,
            1.7349580526351929,
            -0.9642837047576904,
            2.1076207160949707,
            2.2364578247070312,
            -0.2962356507778168,
            -0.24344465136528015,
            1.7170082330703735,
            1.3864009380340576,
            2.3985846042633057,
            1.6292332410812378,
            0.48452508449554443,
            0.5774939656257629,
            0.6378334760665894,
            0.9693710803985596,
            1.3719311952590942,
            1.805284857749939,
            1.9944183826446533,
            1.7181363105773926,
            1.711883783340454,
            1.5397547483444214,
            1.4034656286239624,
            1.614868402481079,
            1.6092318296432495,
            2.045290231704712,
            1.8637279272079468,
            1.7718857526779175,
            1.6664072275161743,
            0.5889226794242859,
            -0.5413600206375122,
            1.8841259479522705,
            1.8991225957870483,
            1.718903660774231,
            2.280466318130493,
            0.3243846893310547,
            2.0121686458587646,
            1.0168342590332031,
            1.8213545083999634,
            -0.019997039809823036,
            1.7695527076721191,
            1.8393136262893677,
            2.1084959506988525,
            1.0624713897705078,
            0.9894586801528931,
            -0.08549951761960983,
            2.3004565238952637,
            1.5011751651763916,
            2.1968042850494385,
            1.4476364850997925,
            2.2991275787353516,
            2.1613540649414062,
            -0.25653210282325745,
            -0.6299859881401062,
            -0.12610644102096558,
            0.28430965542793274,
            0.22234229743480682,
            -0.8436083793640137,
            0.4217154383659363,
            0.024456804618239403,
            -0.7652925848960876,
            -0.09206583350896835,
            -0.20113404095172882,
            0.7613527178764343,
            0.053586699068546295,
            -0.928673267364502,
            1.1765649318695068,
            -0.9254762530326843,
            0.05245094746351242,
            -0.17801035940647125,
            -0.08951660990715027,
            0.5126911401748657,
            1.016750454902649,
            0.7432828545570374,
            0.5031200051307678,
            -1.0759735107421875,
            -0.5161765813827515,
            0.4843708574771881,
            0.11246729642152786,
            0.24244090914726257,
            -0.2824053168296814,
            -0.029602276161313057,
            0.3434063792228699,
            -1.0892971754074097,
            -1.1779062747955322,
            0.10308979451656342,
            0.6025415658950806,
            -0.9792309999465942,
            -1.0008094310760498,
            0.15166544914245605,
            0.3418380320072174,
            0.3891927897930145,
            -1.1971992254257202,
            0.13534069061279297,
