{
    "num_epochs": 20000,
    "batch_size": 1000,
    "final_g_loss": 0.5313546061515808,
    "final_d_loss": 0.7093015909194946,
    "train_data_exp_dir_path": "data/scp_train_data_non_norm",
    "generator": {
        "num_inputs": 2,
        "num_outputs": 2,
        "num_hidden_layers": 1,
        "neurons_per_hidden_layer": 64,
        "hidden_layer_activation_function": "relu",
        "final_layer_activation_function": null,
        "bias": true,
        "weights": [
            -0.8907899260520935,
            -1.5332279205322266,
            -0.5366846919059753,
            1.4655483961105347,
            -1.1087865829467773,
            1.4152613878250122,
            1.0631872415542603,
            -1.2259985208511353,
            -1.0367026329040527,
            -1.1668254137039185,
            -1.3509877920150757,
            -0.9683443903923035,
            -1.4440454244613647,
            -1.3436063528060913,
            1.2211883068084717,
            1.5081312656402588,
            1.2332942485809326,
            1.2161086797714233,
            0.9583472013473511,
            -1.1253046989440918,
            1.5382232666015625,
            0.7522350549697876,
            0.6385478973388672,
            0.3573906719684601,
            0.15108251571655273,
            0.03211311995983124,
            1.2922533750534058,
            1.38637375831604,
            -1.5123167037963867,
            1.3144326210021973,
            1.0473674535751343,
            -0.8050500750541687,
            0.5226705074310303,
            0.4352439045906067,
            0.9696406126022339,
            -1.098498821258545,
            -1.3990607261657715,
            -1.275539755821228,
            -1.0159904956817627,
            1.026547908782959,
            -1.4158252477645874,
            1.2923612594604492,
            -0.7113352417945862,
            0.9657285809516907,
            -0.9104697704315186,
            -1.2271357774734497,
            -1.312944769859314,
            -1.3463973999023438,
            -1.356982707977295,
            1.052789330482483,
            1.2219995260238647,
            -0.8112456798553467,
            0.9333047270774841,
            0.8326824307441711,
            1.4162031412124634,
            -1.5185304880142212,
            0.7182799577713013,
            1.3475784063339233,
            -0.9780957698822021,
            1.3628389835357666,
            -0.0862550213932991,
            0.4205583333969116,
            -1.427358627319336,
            1.0856339931488037,
            -1.294870138168335,
            -1.5546185970306396,
            1.2435593605041504,
            1.3750587701797485,
            1.3075568675994873,
            -1.300249695777893,
            0.945558488368988,
            1.3269680738449097,
            -0.8958620429039001,
            -1.0228317975997925,
            -1.2195801734924316,
            -1.3946655988693237,
            -1.342265009880066,
            -1.569124698638916,
            1.4996358156204224,
            0.8903940320014954,
            -1.4684929847717285,
            -0.6003873348236084,
            -1.1160938739776611,
            -1.3506749868392944,
            -1.2367092370986938,
            -1.0897667407989502,
            0.9370870590209961,
            0.7098457217216492,
            1.3381752967834473,
            -0.8259539008140564,
            1.2102950811386108,
            1.194709062576294,
            1.2223536968231201,
            -1.0546634197235107,
            1.2156662940979004,
            -0.4709094166755676,
            1.5156004428863525,
            1.1503956317901611,
            1.4288982152938843,
            -1.4386523962020874,
            0.7110067009925842,
            -0.9849551320075989,
            -0.6016157269477844,
            -0.6950595378875732,
            1.2396576404571533,
            -0.8197281360626221,
            -0.8067384362220764,
            -1.0450730323791504,
            -1.187239170074463,
            0.6918928623199463,
            -0.7650090456008911,
            1.369813323020935,
            1.0014981031417847,
            1.2540146112442017,
            -1.4089528322219849,
            1.1894128322601318,
            -0.5231550335884094,
            -0.8339657783508301,
            0.49893710017204285,
            0.29871922731399536,
            -1.4871505498886108,
            -1.4125827550888062,
            -1.078216791152954,
            -0.7116930484771729,
            -1.3638924360275269,
            0.9243921041488647,
            1.0582715272903442,
            0.9410512447357178,
            0.6587740778923035,
            0.7912193536758423,
            0.6360020637512207,
            0.33788907527923584,
            0.8077355027198792,
            1.0400969982147217,
            1.1788172721862793,
            0.9292194247245789,
            0.4387533664703369,
            0.4832651913166046,
            1.4868175983428955,
            1.5388281345367432,
            -0.7406086325645447,
            0.1941210925579071,
            0.5788719058036804,
            0.9962741732597351,
            1.5354583263397217,
            1.3686089515686035,
            0.4561914801597595,
            1.221129059791565,
            0.9849541783332825,
            0.9243964552879333,
            0.5942183136940002,
            1.0805363655090332,
            0.4128534197807312,
            0.2910226881504059,
            1.0529823303222656,
            0.48032376170158386,
            1.3716131448745728,
            1.0839691162109375,
            1.2914162874221802,
            1.1187615394592285,
            0.8865817785263062,
            1.4163206815719604,
            1.0254789590835571,
            1.2823066711425781,
            0.8880314826965332,
            0.7038549780845642,
            0.9258370995521545,
            0.6954690217971802,
            1.4087345600128174,
            1.1571458578109741,
            0.6096888780593872,
            0.7466050982475281,
            1.1291884183883667,
            0.998163640499115,
            1.041675329208374,
            1.345343828201294,
            1.0789287090301514,
            1.0944969654083252,
            1.2968711853027344,
            0.9475468993186951,
            0.7823178768157959,
            1.3942582607269287,
            1.5450190305709839,
            1.5048022270202637,
            1.469716191291809,
            0.5330967307090759,
            1.3041083812713623,
            1.1957814693450928,
            0.4042889475822449,
            1.6341181993484497,
            0.8776698112487793,
            1.2768913507461548,
            0.12003199756145477,
            -0.06607379764318466,
            0.1059776321053505,
            0.16275106370449066,
            0.1268618106842041,
            -0.011293289251625538,
            0.049999628216028214,
            -0.027612363919615746,
            -0.0553724579513073,
            0.022576143965125084,
            -0.1999787986278534,
            0.04749710485339165,
            0.11087261885404587,
            0.19215774536132812,
            0.01699386164546013,
            -0.2009475827217102,
            -0.08079575002193451,
            -0.2260671705007553,
            0.3137420117855072,
            -0.1531815379858017,
            0.012112364172935486,
            -0.2496606856584549,
            0.2643756568431854,
            -0.04343085363507271,
            0.20483256876468658,
            0.12107953429222107,
            -0.17212209105491638,
            0.1493649184703827,
            -0.11167561262845993,
            -0.10964946448802948,
            0.004485226236283779,
            -0.09370776265859604,
            0.09645089507102966,
            -0.047492802143096924,
            -0.14849171042442322,
            -0.016451571136713028,
            -0.01668751798570156,
            0.05571571737527847,
            -0.01963532529771328,
