{
    "num_epochs": 20000,
    "batch_size": 1000,
    "final_g_loss": 0.9267293214797974,
    "final_d_loss": 0.7176676988601685,
    "train_data_exp_dir_path": "data/scp_train_data_non_norm",
    "generator": {
        "num_inputs": 2,
        "num_outputs": 2,
        "num_hidden_layers": 1,
        "neurons_per_hidden_layer": 64,
        "hidden_layer_activation_function": "relu",
        "final_layer_activation_function": null,
        "bias": true,
        "weights": [
            -1.2611815929412842,
            -1.001668930053711,
            1.0974376201629639,
            1.4499971866607666,
            1.385463833808899,
            1.4310545921325684,
            1.5632145404815674,
            -0.8529300689697266,
            1.4750944375991821,
            -1.0645664930343628,
            1.323203682899475,
            -1.1318068504333496,
            0.8469502329826355,
            1.3869109153747559,
            -1.303370475769043,
            1.2882556915283203,
            -1.3259670734405518,
            -0.909967303276062,
            -0.8282514214515686,
            1.082160234451294,
            1.3916370868682861,
            -0.8309271335601807,
            1.393155813217163,
            -0.2995133697986603,
            1.4587212800979614,
            1.133313775062561,
            0.8528748750686646,
            1.105648398399353,
            -0.9614965915679932,
            1.3792619705200195,
            -1.1182488203048706,
            0.464731901884079,
            -1.3252804279327393,
            -1.4705332517623901,
            1.2363126277923584,
            -1.2846407890319824,
            -1.1489951610565186,
            0.5162472724914551,
            1.4525930881500244,
            -0.5660889744758606,
            1.0705024003982544,
            1.5545097589492798,
            1.371301531791687,
            -0.9413533210754395,
            0.912589430809021,
            1.4534146785736084,
            -1.2874755859375,
            -0.9020381569862366,
            -1.1968615055084229,
            1.4065330028533936,
            1.3090749979019165,
            -0.3363496959209442,
            1.2197269201278687,
            0.2573297321796417,
            1.5197644233703613,
            -1.2877638339996338,
            -1.0435703992843628,
            -1.2257411479949951,
            1.2003059387207031,
            -1.4016649723052979,
            -0.9285162091255188,
            -1.206174373626709,
            -1.0636370182037354,
            -0.8992929458618164,
            1.3231297731399536,
            1.3629601001739502,
            -0.8232253789901733,
            0.060553956776857376,
            -0.70998615026474,
            1.3830989599227905,
            -1.1531519889831543,
            -0.9585036039352417,
            -0.8276880979537964,
            1.4007879495620728,
            -1.1536351442337036,
            -0.8939350247383118,
            -0.5891428589820862,
            -0.7386935949325562,
            -0.8334189653396606,
            -1.4123830795288086,
            -1.2434371709823608,
            1.0423237085342407,
            -1.0711755752563477,
            -0.9043290615081787,
            -1.1460994482040405,
            -0.8745973110198975,
            -0.6707199215888977,
            -0.3076373040676117,
            1.0172497034072876,
            1.2583153247833252,
            -1.4294606447219849,
            -0.9648682475090027,
            1.5117992162704468,
            -0.9341360926628113,
            1.1410022974014282,
            1.3309085369110107,
            1.3632785081863403,
            0.997171938419342,
            -1.4792730808258057,
            1.4624288082122803,
            1.5040141344070435,
            0.5708460211753845,
            -1.3605626821517944,
            -1.0110129117965698,
            1.2716416120529175,
            -1.2103908061981201,
            -1.1002631187438965,
            1.3579822778701782,
            0.8731889724731445,
            -1.4711360931396484,
            1.247260332107544,
            1.5347192287445068,
            1.563358187675476,
            0.7418711185455322,
            -1.3678821325302124,
            1.5088019371032715,
            -1.2562376260757446,
            1.5354053974151611,
            1.3432375192642212,
            1.2451978921890259,
            -1.2036339044570923,
            -1.0324537754058838,
            -1.332175850868225,
            1.115167260169983,
            -1.4323194026947021,
            1.1430240869522095,
            1.363189697265625,
            0.17958088219165802,
            1.5110483169555664,
            1.1980104446411133,
            1.076192021369934,
            1.5117220878601074,
            0.4214312434196472,
            1.4591666460037231,
            0.8800858855247498,
            0.7812880873680115,
            0.3409186899662018,
            0.6020374894142151,
            1.1670215129852295,
            1.3275820016860962,
            0.6745643019676208,
            1.3509012460708618,
            0.729738175868988,
            1.170850157737732,
            0.43751731514930725,
            0.8997416496276855,
            0.9671254754066467,
            1.4919509887695312,
            0.719462513923645,
            0.67966628074646,
            0.876494288444519,
            0.47733861207962036,
            0.7801678776741028,
            1.5916575193405151,
            1.1059218645095825,
            0.5204675197601318,
            1.5470296144485474,
            1.0061023235321045,
            0.5033179521560669,
            0.6097897291183472,
            0.3076695203781128,
            1.4604558944702148,
            0.7103471755981445,
            1.1896613836288452,
            0.26571959257125854,
            0.7243918180465698,
            1.3670430183410645,
            0.6576519012451172,
            0.6076231002807617,
            1.1596375703811646,
            1.1783764362335205,
            1.3084449768066406,
            0.7047654390335083,
            1.6072618961334229,
            0.5954978466033936,
            0.42245087027549744,
            1.485100269317627,
            0.6310195922851562,
            1.3534693717956543,
            0.6002677083015442,
            0.9848757386207581,
            1.0332833528518677,
            1.0951846837997437,
            0.45654475688934326,
            1.1480364799499512,
            0.34613874554634094,
            0.36995643377304077,
            1.1872823238372803,
            1.1002206802368164,
            0.43472859263420105,
            0.8745015859603882,
            0.9321851134300232,
            -0.18510228395462036,
            -0.039527859538793564,
            0.08338344097137451,
            0.06551790237426758,
            0.13609759509563446,
            0.05212494358420372,
            -0.06532201915979385,
            0.09986033290624619,
            -0.19739651679992676,
            0.0332963690161705,
            0.046166062355041504,
            0.011731329374015331,
            0.08063219487667084,
            0.13615454733371735,
            0.14987525343894958,
            -0.15353459119796753,
            -0.1544136106967926,
            0.0703752338886261,
            -0.07588568329811096,
            -0.07499734312295914,
            -0.03226223215460777,
            0.09521524608135223,
            0.0791502445936203,
            -0.15276512503623962,
            0.16222412884235382,
            0.03812408819794655,
            -0.01856587640941143,
            -0.004612911492586136,
            -0.27341872453689575,
            -0.03437785059213638,
            -0.20700418949127197,
            -0.17728115618228912,
            -0.0262768417596817,
            -0.17632749676704407,
            -0.1113007664680481,
            -0.2989378273487091,
            -0.015617087483406067,
            -0.15363527834415436,
            -0.1384929120540619,
