{
    "num_epochs": 20000,
    "batch_size": 1000,
    "final_g_loss": 0.9308121204376221,
    "final_d_loss": 0.6554850935935974,
    "train_data_exp_dir_path": "data/scp_train_data_norm",
    "generator": {
        "num_inputs": 2,
        "num_outputs": 2,
        "num_hidden_layers": 1,
        "neurons_per_hidden_layer": 64,
        "hidden_layer_activation_function": "relu",
        "final_layer_activation_function": null,
        "bias": true,
        "weights": [
            0.2642420828342438,
            1.5223140716552734,
            1.087208867073059,
            -0.5565240383148193,
            0.4126584231853485,
            -0.5825154185295105,
            -0.3648064434528351,
            1.787466049194336,
            0.5464727878570557,
            -1.2001533508300781,
            -1.1719423532485962,
            -0.41488003730773926,
            0.5785959362983704,
            0.9002007842063904,
            2.3401894569396973,
            1.5023865699768066,
            0.25755196809768677,
            1.9132845401763916,
            0.347555011510849,
            2.057330369949341,
            -1.0479801893234253,
            -0.5944843292236328,
            -0.6149447560310364,
            -1.03187894821167,
            0.6969452500343323,
            1.0627620220184326,
            0.9880109429359436,
            -0.503849983215332,
            -0.7561824321746826,
            -1.5256954431533813,
            -1.6153874397277832,
            -0.014422656036913395,
            -1.328048586845398,
            -0.4628460109233856,
            1.8668864965438843,
            0.8264321088790894,
            2.446268320083618,
            1.476135015487671,
            0.7018275856971741,
            1.47408127784729,
            1.7913999557495117,
            1.856067419052124,
            0.5268471837043762,
            -0.6518983244895935,
            0.8403396010398865,
            -0.786501944065094,
            0.8447691798210144,
            1.204073429107666,
            1.9912832975387573,
            1.9701417684555054,
            1.268799066543579,
            -0.7439069747924805,
            1.9704984426498413,
            1.2327011823654175,
            0.8576164841651917,
            0.06717713922262192,
            0.3363500237464905,
            2.0909526348114014,
            -0.05937084183096886,
            -0.18947722017765045,
            0.26379260420799255,
            1.8858877420425415,
            1.872407078742981,
            0.8646895885467529,
            2.0106894969940186,
            1.794269323348999,
            2.333226203918457,
            0.8169304132461548,
            1.7359404563903809,
            -0.6159600019454956,
            0.09113047271966934,
            1.5533981323242188,
            1.0042208433151245,
            0.7623616456985474,
            1.5931695699691772,
            0.7597495913505554,
            -0.4572143852710724,
            -0.14980491995811462,
            2.8219761848449707,
            1.1650338172912598,
            2.544151544570923,
            1.8532581329345703,
            1.984557032585144,
            1.1874701976776123,
            1.4159374237060547,
            -0.46823206543922424,
            2.3061726093292236,
            1.4930511713027954,
            -0.029613643884658813,
            1.9998284578323364,
            2.1514739990234375,
            1.1550735235214233,
            0.04637175798416138,
            0.11183267831802368,
            -0.05537424236536026,
            -1.7135074138641357,
            1.1964240074157715,
            0.9862865805625916,
            0.5838491916656494,
            1.2105674743652344,
            1.0697919130325317,
            1.537165880203247,
            1.5838146209716797,
            0.47868356108665466,
            -0.4687859117984772,
            0.042977601289749146,
            1.9517123699188232,
            2.092485189437866,
            -1.421284556388855,
            -0.863791286945343,
            -1.3009607791900635,
            -0.4150795638561249,
            0.6127025485038757,
            1.2926374673843384,
            0.18610411882400513,
            1.7634000778198242,
            -0.6912679076194763,
            -1.1672358512878418,
            -1.3177375793457031,
            -0.4693082571029663,
            0.225301131606102,
            1.8412913084030151,
            2.2476463317871094,
            0.8356447815895081,
            1.7707029581069946,
            -0.29675570130348206,
            0.8698188066482544,
            -0.7845706343650818,
            0.016909807920455933,
            0.24803568422794342,
            0.8422028422355652,
            -0.36180365085601807,
            0.0968739315867424,
            0.40392059087753296,
            0.7138110399246216,
            -0.46134430170059204,
            -0.932597279548645,
            -0.9717109799385071,
            -0.17343208193778992,
            -0.5625439882278442,
            0.5815176963806152,
            0.21125026047229767,
            -0.47484344244003296,
            0.28622323274612427,
            0.45575854182243347,
            0.15692460536956787,
            -0.5106942653656006,
            0.11929221451282501,
            -0.43243223428726196,
            0.9907728433609009,
            0.9436942338943481,
            0.9958948493003845,
            -0.44892996549606323,
            0.5012292265892029,
            -0.2628529369831085,
            -0.32837915420532227,
            -0.9780411124229431,
            1.0790523290634155,
            -0.969487190246582,
            0.9560977220535278,
            -0.40487706661224365,
            -1.019604206085205,
            0.10032352805137634,
            -0.7493022084236145,
            0.12196073681116104,
            0.17333872616291046,
            0.5410658121109009,
            -0.9492520689964294,
            -0.5364450812339783,
            -0.23171980679035187,
            -0.19782355427742004,
            -0.2595773935317993,
            -0.21112868189811707,
            -0.8820958733558655,
            -0.6235072612762451,
            0.6219974160194397,
            0.18712390959262848,
            0.10951109975576401,
            0.23903797566890717,
            -1.1067923307418823,
            1.0960735082626343,
            -0.4687564969062805,
            0.08201170712709427,
            0.4493039548397064,
            0.26805099844932556,
            -0.054351966828107834,
            -0.7562221884727478,
            0.45159783959388733,
            -0.026773575693368912,
            0.13733530044555664,
            -0.2883461117744446,
            -0.6572032570838928,
            -0.5571937561035156,
            0.18253406882286072,
            0.3793199062347412,
            -0.761864960193634,
            -0.7756624221801758,
            -0.43358689546585083,
            -0.7168619632720947,
            -1.711289644241333,
            -2.085855484008789,
            -2.008681535720825,
            -0.6941045522689819,
            -0.29870930314064026,
            -0.5653172731399536,
            0.25062888860702515,
            -0.25479382276535034,
            0.054148364812135696,
            -0.3154810070991516,
            -1.2281594276428223,
            -1.7094380855560303,
            -0.5283322930335999,
            -1.3113296031951904,
            0.28069865703582764,
            0.24530893564224243,
            -0.909565269947052,
            -1.5386631488800049,
            0.13207288086414337,
            -1.6248220205307007,
            0.7096261978149414,
            -1.9740715026855469,
            0.167598158121109,
            -1.977912425994873,
            -0.9189050793647766,
            -1.5261188745498657,
            -1.1505509614944458,
            -0.5133272409439087,
            -2.353144884109497,
            -0.3890814185142517,
            -0.9265721440315247,
            0.30595749616622925,
