{
    "num_epochs": 20000,
    "batch_size": 1000,
    "final_g_loss": 1.0041756629943848,
    "final_d_loss": 0.48449066281318665,
    "train_data_exp_dir_path": "data/scp_train_data_norm",
    "generator": {
        "num_inputs": 2,
        "num_outputs": 2,
        "num_hidden_layers": 1,
        "neurons_per_hidden_layer": 64,
        "hidden_layer_activation_function": "relu",
        "final_layer_activation_function": null,
        "bias": true,
        "weights": [
            0.5043854117393494,
            -0.5131588578224182,
            0.2535608112812042,
            -0.16029444336891174,
            -0.7560082077980042,
            0.1946849673986435,
            -1.0551466941833496,
            -0.5018758773803711,
            -0.6555078029632568,
            -0.10453753173351288,
            -1.282671332359314,
            -0.9538403153419495,
            -0.47327664494514465,
            0.5640688538551331,
            0.9266786575317383,
            -0.13001731038093567,
            -0.38486248254776,
            0.1555686593055725,
            0.4595727026462555,
            -0.35459861159324646,
            0.1951359063386917,
            -0.24218186736106873,
            0.2710176110267639,
            -0.38993486762046814,
            0.6055540442466736,
            -0.46255868673324585,
            -0.5204879641532898,
            0.5564419031143188,
            -1.4442421197891235,
            -0.8105943202972412,
            -0.5347437858581543,
            -0.06935656070709229,
            0.5556133985519409,
            0.9428935647010803,
            -0.5381911396980286,
            -0.5657311081886292,
            -0.34141403436660767,
            0.30009767413139343,
            0.1797003149986267,
            1.030387282371521,
            -0.09271761775016785,
            0.8166532516479492,
            -0.661081075668335,
            -1.5765705108642578,
            0.36068442463874817,
            0.6308188438415527,
            1.4862170219421387,
            1.2142335176467896,
            -1.0194824934005737,
            -0.45618584752082825,
            0.4264805316925049,
            -0.32981303334236145,
            0.16473309695720673,
            -0.25702089071273804,
            0.0039295535534620285,
            -0.13748300075531006,
            0.1554480940103531,
            -0.2634603679180145,
            -0.4980429708957672,
            0.5894874930381775,
            -0.3733637034893036,
            -0.35754042863845825,
            -1.3638261556625366,
            -0.9356120824813843,
            -0.7587292790412903,
            -0.4539000988006592,
            -0.2072870135307312,
            -0.17276258766651154,
            -0.05563386157155037,
            -0.1927199363708496,
            -0.5642478466033936,
            0.49507221579551697,
            0.860731303691864,
            0.2569628655910492,
            0.2485620230436325,
            -0.12749019265174866,
            -1.1421855688095093,
            -0.2252293825149536,
            -0.6091801524162292,
            0.37200456857681274,
            0.1256122589111328,
            -0.2707829475402832,
            -0.7520228624343872,
            0.36380699276924133,
            0.3675048053264618,
            1.0460041761398315,
            0.4146229326725006,
            0.8528276085853577,
            -0.47407886385917664,
            1.1473186016082764,
            0.3943001925945282,
            0.6655024290084839,
            1.756765604019165,
            1.5887738466262817,
            0.4055597484111786,
            -0.26955345273017883,
            -0.9784536361694336,
            0.47369584441185,
            -0.3147505819797516,
            -0.5623388886451721,
            0.7279248833656311,
            1.2063871622085571,
            0.5170242190361023,
            0.5734246373176575,
            -0.6481423377990723,
            0.4957093298435211,
            0.6444272994995117,
            1.0457745790481567,
            0.4995371699333191,
            -0.3836776614189148,
            -1.0599309206008911,
            -0.3398243188858032,
            -1.2185829877853394,
            -1.2896523475646973,
            -0.9294925332069397,
            0.45814481377601624,
            -1.1296066045761108,
            0.23276394605636597,
            -0.5596603155136108,
            0.5146704316139221,
            -1.227295994758606,
            -0.03162352368235588,
            0.4745383858680725,
            -1.1153790950775146,
            0.6077973246574402,
            0.9985632300376892,
            0.1766478270292282,
            -0.28507742285728455,
            0.6081383228302002,
            0.5096496343612671,
            0.5388957262039185,
            0.23350167274475098,
            1.4885722398757935,
            1.0726083517074585,
            -1.6958973407745361,
            -0.4660501182079315,
            -0.773453414440155,
            0.7323507070541382,
            0.5754281878471375,
            0.8929951190948486,
            1.1474052667617798,
            -1.720658779144287,
            0.29079797863960266,
            0.13106708228588104,
            1.0838481187820435,
            0.6205704808235168,
            -1.1262632608413696,
            0.7955828905105591,
            -0.5131692290306091,
            -0.10977409780025482,
            0.7122105956077576,
            -0.0600222609937191,
            -0.7167531251907349,
            0.8253412842750549,
            0.5851261019706726,
            0.5047289729118347,
            0.7810488939285278,
            -1.7765891551971436,
            0.9876850843429565,
            0.9978459477424622,
            -0.6835587620735168,
            1.3000071048736572,
            0.6431970000267029,
            -1.626521348953247,
            0.3740924894809723,
            0.6955035328865051,
            -0.3700195848941803,
            -0.8752855658531189,
            0.5677403211593628,
            -1.5508040189743042,
            1.028754711151123,
            0.9141801595687866,
            0.05029260367155075,
            0.7622589468955994,
            0.08131437748670578,
            1.1536436080932617,
            -2.0143632888793945,
            0.8236348032951355,
            1.4037196636199951,
            0.7301045656204224,
            -1.6088272333145142,
            1.2241692543029785,
            0.82376629114151,
            -0.5563455820083618,
            -0.08008383214473724,
            -1.9207509756088257,
            1.0171772241592407,
            -1.6720364093780518,
            -0.014734909869730473,
            -0.11195358633995056,
            1.1597166061401367,
            0.6688693761825562,
            -0.3238168954849243,
            -0.4421238601207733,
            -0.4024783670902252,
            -0.2910160422325134,
            -0.22891491651535034,
            0.4713921546936035,
            -1.2489649057388306,
            -0.22278985381126404,
            -0.6216403245925903,
            0.040707990527153015,
            -0.5931156277656555,
            -0.46845346689224243,
            -0.44725701212882996,
            -1.5110766887664795,
            -0.3180409073829651,
            -0.24609296023845673,
            -0.40386322140693665,
            0.31601279973983765,
            0.194403737783432,
            -0.15040983259677887,
            0.4023958146572113,
            0.5867785215377808,
            -0.2250806838274002,
            0.20982418954372406,
            -0.31948867440223694,
            -0.3375953137874603,
            -0.5701108574867249,
            0.18401727080345154,
            0.13161717355251312,
            -1.1080639362335205,
            -0.238832488656044,
            0.5620383024215698,
            -0.25824472308158875,
            -0.3694242238998413,
            -0.029311276972293854,
            -1.8150737285614014,
            0.062062639743089676,
            0.2801707684993744,
