{
    "num_epochs": 20000,
    "batch_size": 1000,
    "final_g_loss": 1.1988424062728882,
    "final_d_loss": 0.4734664261341095,
    "train_data_exp_dir_path": "data/scp_train_data_norm",
    "generator": {
        "num_inputs": 2,
        "num_outputs": 2,
        "num_hidden_layers": 1,
        "neurons_per_hidden_layer": 64,
        "hidden_layer_activation_function": "relu",
        "final_layer_activation_function": null,
        "bias": true,
        "weights": [
            0.2524338364601135,
            -1.0791648626327515,
            -0.044160474091768265,
            0.6158344149589539,
            0.5764704942703247,
            -0.0721362754702568,
            -0.610430121421814,
            -1.2098630666732788,
            1.0614205598831177,
            1.3909528255462646,
            -0.5502159595489502,
            0.3212257921695709,
            0.16476768255233765,
            -0.3215876817703247,
            -0.7525421977043152,
            -1.1513679027557373,
            0.6004748940467834,
            -0.09003360569477081,
            -1.1326069831848145,
            0.7699437737464905,
            -0.8847324848175049,
            0.6672234535217285,
            -0.9717712998390198,
            -0.6180269718170166,
            -0.11562030017375946,
            0.2449318915605545,
            1.0493831634521484,
            0.3900391161441803,
            0.024626098573207855,
            0.23487737774848938,
            -0.15190064907073975,
            -0.028933120891451836,
            0.9449902176856995,
            1.4977374076843262,
            -0.5196979641914368,
            0.23166659474372864,
            -0.2863033711910248,
            -2.3238656520843506,
            -0.8098013997077942,
            -1.3277647495269775,
            1.0550354719161987,
            0.4313802719116211,
            0.948915421962738,
            1.3072177171707153,
            0.2640410363674164,
            -1.5129783153533936,
            0.7266338467597961,
            -0.46728232502937317,
            -1.0795503854751587,
            0.7254481315612793,
            -0.9031280875205994,
            -0.7359285950660706,
            -0.7260984778404236,
            -0.6297512650489807,
            0.339849054813385,
            -1.2608304023742676,
            1.032580852508545,
            0.1776735633611679,
            -0.054483652114868164,
            -0.003758650040253997,
            0.4545302391052246,
            0.701345682144165,
            0.7812890410423279,
            0.8493682742118835,
            -0.23617465794086456,
            -0.1832670420408249,
            0.744172990322113,
            -1.2905770540237427,
            -0.703070878982544,
            -1.005319356918335,
            0.4146703779697418,
            -1.1296627521514893,
            0.7477360963821411,
            0.49449801445007324,
            -0.23723076283931732,
            0.1501673310995102,
            0.8888441920280457,
            0.3492876887321472,
            -0.11960059404373169,
            0.6690387725830078,
            -0.8973076939582825,
            0.5910073518753052,
            0.1365244835615158,
            -1.1050629615783691,
            0.22414569556713104,
            -0.34670117497444153,
            -0.6164239048957825,
            -2.353165864944458,
            -0.09727457165718079,
            0.6549426913261414,
            -0.49564969539642334,
            -0.9637884497642517,
            -0.24443118274211884,
            -0.698871910572052,
            -0.18153168261051178,
            -1.552677869796753,
            0.695244312286377,
            0.9124042987823486,
            0.6821220517158508,
            -0.4588925838470459,
            0.6064652800559998,
            1.1989017724990845,
            -0.7586212754249573,
            0.3363947570323944,
            0.8078503012657166,
            -0.8664613962173462,
            1.1092705726623535,
            0.436820924282074,
            1.0109933614730835,
            0.40574249625205994,
            -0.8635578751564026,
            -0.2039068639278412,
            -0.05292223393917084,
            -0.3908029794692993,
            -0.8333681225776672,
            0.06808310002088547,
            -0.6575728058815002,
            -1.131881594657898,
            0.8379595875740051,
            0.5322999954223633,
            0.6885631084442139,
            -0.10793036967515945,
            0.001327616162598133,
            -0.21624980866909027,
            0.4189942479133606,
            0.6562249660491943,
            0.47857847809791565,
            -2.0281004905700684,
            0.7113870978355408,
            0.9680994153022766,
            0.8385152220726013,
            1.2854572534561157,
            0.00882535707205534,
            -1.162251353263855,
            1.0472966432571411,
            1.1906687021255493,
            0.9225608110427856,
            0.5312344431877136,
            0.38436901569366455,
            0.2126351147890091,
            -1.1182820796966553,
            0.353056401014328,
            -1.1248059272766113,
            0.6153316497802734,
            -0.11355440318584442,
            -1.1053781509399414,
            0.801712155342102,
            1.3849718570709229,
            0.07279326021671295,
            -0.020082131028175354,
            1.0858224630355835,
            -0.47108137607574463,
            0.4773519039154053,
            0.6707680821418762,
            0.029668191447854042,
            0.7960524559020996,
            -0.2200610190629959,
            0.7083161473274231,
            -0.7469825744628906,
            0.6079348921775818,
            0.8588696718215942,
            0.42019516229629517,
            1.0348289012908936,
            0.6116403937339783,
            -0.12548749148845673,
            1.1442534923553467,
            0.2943494915962219,
            -1.1876901388168335,
            0.4526573717594147,
            0.8324359655380249,
            1.1971691846847534,
            1.0163015127182007,
            -0.6556229591369629,
            1.0207767486572266,
            0.7457603812217712,
            0.5337843894958496,
            -0.9512121677398682,
            -0.4011634290218353,
            0.7126350402832031,
            0.6333426237106323,
            -0.1884060651063919,
            0.3203427493572235,
            0.12157811224460602,
            -1.4680018424987793,
            1.2315497398376465,
            -1.0532753467559814,
            1.1857326030731201,
            -0.1748492419719696,
            0.6351759433746338,
            0.9531207084655762,
            -0.6997533440589905,
            -0.05462869256734848,
            -0.2256687432527542,
            -0.06675512343645096,
            -0.15647804737091064,
            -0.43596336245536804,
            -0.13211634755134583,
            0.46178820729255676,
            -0.22840219736099243,
            -0.32180050015449524,
            -0.2863638997077942,
            -0.22537420690059662,
            -0.2717706859111786,
            -0.45281073451042175,
            -1.0560572147369385,
            0.009492181241512299,
            -0.19773733615875244,
            -0.12493830919265747,
            0.080812968313694,
            -0.08635615557432175,
            0.673876166343689,
            -0.34445032477378845,
            0.002353767864406109,
            -0.045976296067237854,
            -0.38129717111587524,
            0.02042124606668949,
            -0.04273108392953873,
            -0.3264821469783783,
            -0.3042137026786804,
            -0.18821118772029877,
            0.13170765340328217,
            -0.08585082739591599,
            -0.24506530165672302,
            0.5799856781959534,
            -0.31624388694763184,
            -0.34516921639442444,
            -0.32054924964904785,
            -0.3892395794391632,
            -0.3335505723953247,
